Zone,Division Name,Branch Code,Branch Name,Number of Cases,Documents
CZ,Bhopal,206,BHOPAL CBO-3,49,200
CZ,Bhopal,230,BHOPAL CBO (CAB),20,81
CZ,Bhopal,347,SHAJAPUR,50,213
CZ,Bhopal,348,BIAORA,70,292
CZ,Bhopal,351,BHOPAL CBO-1,39,165
CZ,Bhopal,352,ITARSI,40,168
CZ,Bhopal,353,BHOPAL CBO-2,39,159
CZ,Bhopal,359,SEHORE,89,374
CZ,Bhopal,373,VIDISHA,50,209
CZ,Bhopal,3001,HARDA,38,160
CZ,Bhopal,3002,HOSHANGABAD,61,254
CZ,Bhopal,034A,RAISEN,30,125
CZ,Bhopal,034G,BHOPAL (BHEL) CBO,57,247
CZ,Bhopal,035B,BAIRAGARH,29,123
CZ,Bhopal,035C,BARELI,30,126
CZ,Bhopal,035D,BHOPAL CBO-4,80,331
CZ,Bhopal,035F,GANJ BASODA,30,127
CZ,Bhopal,035J,SHUJALPUR,49,206
CZ,Bhopal,035K,PIPARIYA,39,166
CZ,Bhopal,037B,BETUL,144,611
CZ,Bhopal,037R,PATHAKHEDA,38,158
CZ,Bilaspur,384,BILASPUR-I,197,1033
CZ,Bilaspur,385,RAIGARH,149,772
CZ,Bilaspur,389,KORBA-I,111,579
CZ,Bilaspur,3065,BILASPUR (CAB),40,201
CZ,Bilaspur,3067,PATHALGAON,163,845
CZ,Bilaspur,038A,NAILA,272,1413
CZ,Bilaspur,038D,MUNGELI,130,679
CZ,Bilaspur,038G,BHATAPARA,190,992
CZ,Bilaspur,038H,BILASPUR-II,166,858
CZ,Bilaspur,038J,KORBA-II,97,499
CZ,Gwalior,349,GWALIOR CBO-2,69,361
CZ,Gwalior,354,GWALIOR CBO-1,60,306
CZ,Gwalior,355,GUNA,50,262
CZ,Gwalior,356,MORENA,130,671
CZ,Gwalior,357,BHIND,180,888
CZ,Gwalior,3017,GWALIOR CBO-4,40,210
CZ,Gwalior,3018,RAGHOGARH,30,155
CZ,Gwalior,020A,GWALIOR CBO-3,40,207
CZ,Gwalior,020C,SHEOPURKALAN,50,261
CZ,Gwalior,020D,GOHAD,50,257
CZ,Gwalior,020E,GWALIOR CBO (CAB),30,155
CZ,Gwalior,034B,SHIVPURI,70,361
CZ,Gwalior,034C,DATIA,108,533
CZ,Gwalior,035A,MORAR CBO,60,318
CZ,Gwalior,035E,ASHOK NAGAR,50,258
CZ,Gwalior,035H,DABRA,40,212
CZ,Indore,201,INDORE CBO (DAB),90,379
CZ,Indore,207,DHAR,90,381
CZ,Indore,239,NAGDA,36,147
CZ,Indore,247,KHARGONE,69,293
CZ,Indore,340,DEWAS I,63,284
CZ,Indore,341,INDORE DBO,75,311
CZ,Indore,342,MHOW,47,201
CZ,Indore,343,INDORE CBO-1,76,317
CZ,Indore,344,UJJAIN I,49,206
CZ,Indore,345,RATLAM I,40,168
CZ,Indore,346,MANDSAUR,97,405
CZ,Indore,350,JHABUA,68,284
CZ,Indore,360,NEEMUCH,84,354
CZ,Indore,387,KHANDWA,58,242
CZ,Indore,399,INDORE CBO (CAB),20,83
CZ,Indore,410,BURHANPUR,50,210
CZ,Indore,3033,RATLAM (CAB),30,128
CZ,Indore,3034,UJJAIN (CAB),10,43
CZ,Indore,034D,INDORE CBO-2,30,125
CZ,Indore,034F,UJJAIN II,38,156
CZ,Indore,034H,JAORA,59,245
CZ,Indore,034J,INDORE CBO-3,58,241
CZ,Indore,034K,SENDHWA,20,82
CZ,Indore,034L,KANNOD,40,166
CZ,Indore,034M,MANAWAR,88,371
CZ,Indore,034N,RATLAM II,40,165
CZ,Indore,034P,INDORE CBO-4,43,181
CZ,Indore,034R,BARNAGAR,28,118
CZ,Indore,034S,BARWAH,68,293
CZ,Indore,034T,BADWANI,30,128
CZ,Indore,034U,INDORE CBO-5,44,183
CZ,Indore,034W,DEWAS-II,38,161
CZ,Jabalpur,202,JABALPUR CBO-2,106,573
CZ,Jabalpur,358,NARSINGHPUR,68,407
CZ,Jabalpur,371,SAGAR-I,50,271
CZ,Jabalpur,374,JABALPUR DBO,98,580
CZ,Jabalpur,375,JABALPUR CBO I,108,646
CZ,Jabalpur,376,KATNI,89,537
CZ,Jabalpur,378,SEONI,188,1122
CZ,Jabalpur,380,BALAGHAT,352,2096
CZ,Jabalpur,388,CHHINDWARA,100,523
CZ,Jabalpur,401,JABALPUR CBO (CAB),30,180
CZ,Jabalpur,3048,KATNI II,95,520
CZ,Jabalpur,3049,SAUSAR,114,614
CZ,Jabalpur,3051,SAGAR (CAB),20,115
CZ,Jabalpur,3052,LAKHNADON,40,237
CZ,Jabalpur,037A,JABALPUR CBO-3,70,394
CZ,Jabalpur,037C,MANDLA,153,835
CZ,Jabalpur,037D,DAMOH,110,660
CZ,Jabalpur,037I,PARASIA,80,416
CZ,Jabalpur,037J,BINA,20,120
CZ,Jabalpur,037L,SIHORA,68,404
CZ,Jabalpur,037M,SAGAR II,50,299
CZ,Raipur,248,MAHASAMUND,175,944
CZ,Raipur,249,RAJNANDGAON,428,2301
CZ,Raipur,298,RAIPUR CBO-2,178,1066
CZ,Raipur,377,JAGDALPUR,109,603
CZ,Raipur,379,DHAMTARI,251,1344
CZ,Raipur,381,BHILAI I,107,597
CZ,Raipur,382,RAIPUR CBO-1,109,596
CZ,Raipur,383,DURG,258,1395
CZ,Raipur,390,RAIPUR CBO (CAB),29,158
CZ,Raipur,3066,KANKER,199,1065
CZ,Raipur,038C,DANTEWADA,39,219
CZ,Raipur,038E,BHILAI-II,145,783
CZ,Raipur,038F,DALLI-RAJHARA,126,669
CZ,Raipur,038K,BHILAI (CAB),38,204
CZ,Raipur,038L,SARAI PALLI,98,534
CZ,Raipur,038M,RAIPUR CBO-3,117,638
CZ,Satna,237,SATNA-I,96,521
CZ,Satna,288,REWA -1,229,1232
CZ,Satna,372,CHHATARPUR,88,472
CZ,Satna,3082,AMARPATAN,69,364
CZ,Satna,3083,SATNA (CAB),30,158
CZ,Satna,3084,REWA -2,156,833
CZ,Satna,3085,KHAJURAHO,60,319
CZ,Satna,3086,MAIHAR,59,311
CZ,Satna,3087,NIWARI,40,213
CZ,Satna,037E,TIKAMGARH,70,367
CZ,Satna,037F,PANNA,50,266
CZ,Satna,037N,SATNA-II,119,644
CZ,Shahdol,370,SHAHDOL,83,479
CZ,Shahdol,386,AMBIKAPUR,191,1096
CZ,Shahdol,3098,UMARIA,49,254
CZ,Shahdol,3099,CHIRIMIRI,30,165
CZ,Shahdol,3101,SHAHDOL (CAB),37,204
CZ,Shahdol,3102,BEOHARI,58,302
CZ,Shahdol,3103,SURAJPUR,103,580
CZ,Shahdol,037G,SIDHI,151,788
CZ,Shahdol,037H,KOTMA,88,517
CZ,Shahdol,037K,BURHAR,87,486
CZ,Shahdol,037P,WAIDHAN,104,618
CZ,Shahdol,038B,MANENDRAGARH,70,386
ECZ,Begusarai,0514,BEGUSARAI,189,905
ECZ,Begusarai,0530,BARH,115,620
ECZ,Begusarai,0535,SAMASTIPUR,283,1531
ECZ,Begusarai,0541,SAHARSA,120,638
ECZ,Begusarai,051B,KHAGARIA,136,647
ECZ,Begusarai,052A,SUPAUL,150,778
ECZ,Begusarai,052C,JAMUI,124,640
ECZ,Begusarai,052E,LAKHISARAI,167,872
ECZ,Begusarai,053A,MADHEPURA,125,645
ECZ,Begusarai,053E,DALSINGSARAI,207,1066
ECZ,Berhampur,0480,PHULBANI,111,627
ECZ,Berhampur,0509,BHAWANIPATNA,93,506
ECZ,Berhampur,0585,BERHAMPUR I,159,846
ECZ,Berhampur,0588,JEYPORE,66,359
ECZ,Berhampur,057A,NAUPADA,106,627
ECZ,Berhampur,057B,BERHAMPUR (CAB),32,168
ECZ,Berhampur,058C,RAYAGADA,99,540
ECZ,Berhampur,058F,ASKA,212,1041
ECZ,Berhampur,058J,PARLAKHEMUNDI,55,289
ECZ,Berhampur,058L,CHHATRAPUR,133,655
ECZ,Berhampur,058P,BHANJANAGAR,154,770
ECZ,Berhampur,058T,BERHAMPUR II,89,448
ECZ,Berhampur,059B,KORAPUT,32,176
ECZ,Berhampur,059E,NOWRANGPUR,79,439
ECZ,Bhagalpur,0512,DUMKA,109,524
ECZ,Bhagalpur,0523,BHAGALPUR-I,139,711
ECZ,Bhagalpur,0524,MUNGER,146,712
ECZ,Bhagalpur,0529,DEOGHAR,186,874
ECZ,Bhagalpur,0537,PURNIA,97,451
ECZ,Bhagalpur,0538,KATIHAR,149,791
ECZ,Bhagalpur,0543,FORBESGANJ,99,457
ECZ,Bhagalpur,5001,GULAB BAGH (PURNEA),106,537
ECZ,Bhagalpur,5011,BANKA,181,863
ECZ,Bhagalpur,051E,SAHIBGANJ,118,648
ECZ,Bhagalpur,051F,GODDA,86,411
ECZ,Bhagalpur,052B,BHAGALPUR II,124,630
ECZ,Bhagalpur,052D,ARARIA,90,420
ECZ,Bhagalpur,053B,KISHANGANJ,110,543
ECZ,"Bhubanesh
war",0470,PURI,177,851
ECZ,"Bhubanesh
war",0583,BHUBANESHWAR I,304,1672
ECZ,Bhubanesh war,5005,BHUBANESWAR (CAB),38,177
ECZ,Bhubanesh war,058A,NAYAGARH,157,708
ECZ,Bhubanesh war,058B,KHURDA,212,1138
ECZ,"Bhubanesh
war",058H,BHUBANESHWAR II,86,435
ECZ,"Bhubanesh
war",058M,NIMAPARA,130,624
ECZ,Bhubanesh,058S,BHUBANESHWAR III,122,629
ECZ,"Bhubanesh
war",058X,BALUGAON,99,457
ECZ,Cuttack,0448,JAGATSINGHPUR,232,1143
ECZ,Cuttack,0460,CUTTACK-2 DBO,168,832
ECZ,Cuttack,0477,CUTTACK CBO (CAB),57,318
ECZ,Cuttack,0504,KENDRAPARA,271,1283
ECZ,Cuttack,0581,CUTTACK CBO-1,146,840
ECZ,Cuttack,0582,DHENKANAL,222,1069
ECZ,Cuttack,0593,BHADRAK,330,1591
ECZ,Cuttack,0596,BALESHWAR,489,2720
ECZ,Cuttack,0597,KENDUJHAR,208,1134
ECZ,Cuttack,0598,BARIPADA,242,1222
ECZ,Cuttack,5006,TALCHER,186,905
ECZ,Cuttack,5013,PATTAMUNDAI,177,885
ECZ,Cuttack,058D,JAJPUR TOWN,246,1261
ECZ,Cuttack,058E,ANGUL,210,1026
ECZ,Cuttack,058K,BARBIL,63,363
ECZ,Cuttack,058N,CUTTACK CBO-3,193,1061
ECZ,Cuttack,058R,RAIRANGPUR,154,838
ECZ,Cuttack,058W,PARADEEP,170,767
ECZ,Cuttack,058Z,JALESWAR,208,1072
ECZ,Hazaribagh,0519,RAMGARH,167,822
ECZ,Hazaribagh,0525,HAZARIBAGH,273,1386
ECZ,Hazaribagh,0526,GIRIDIH,293,1445
ECZ,Hazaribagh,0556,CHIRKUNDA,64,309
ECZ,Hazaribagh,0557,DHANBAD II,90,450
ECZ,Hazaribagh,0558,KATRASGARH,53,262
ECZ,Hazaribagh,0566,BOKARO-I,60,296
ECZ,Hazaribagh,0567,SINDRI,66,321
ECZ,Hazaribagh,0568,DHANBAD I,90,433
ECZ,Hazaribagh,4001,HAZARIBAGH (CAB),30,150
ECZ,Hazaribagh,5009,BOKARO III,71,357
ECZ,Hazaribagh,051C,BERMO,74,367
ECZ,Hazaribagh,051G,JHUMRI TELAIYA,169,823
ECZ,Hazaribagh,051J,GOMIA,58,291
ECZ,Hazaribagh,055A,DHANBAD IV,75,378
ECZ,Hazaribagh,055C,DHANBAD III,44,217
ECZ,Hazaribagh,055H,BOKARO-II,38,176
ECZ,Hazaribagh,055L,GOVINDPUR,67,331
ECZ,Jamshedpu r,0551,JAMSHEDPUR I,57,283
ECZ,"Jamshedpu
r",0552,GHATSILA,96,456
ECZ,"Jamshedpu
r",0553,CHAKRADHARPUR,101,466
ECZ,"Jamshedpu
r",0554,JAMSHEDPUR II,49,222
ECZ,Jamshedpu r,0555,JAMSHEDPUR (CAB),20,92
ECZ,"Jamshedpu
r",0559,RANCHI (CAB),28,126
ECZ,"Jamshedpu
r",0560,RANCHI II,80,400
ECZ,"Jamshedpu
r",0561,RANCHI I,73,346
ECZ,Jamshedpu r,0562,DALTONGANJ,190,901
ECZ,Jamshedpu r,0584,JAMSHEDPUR IV,36,174
ECZ,Jamshedpu r,5007,KHELARI,55,273
ECZ,"Jamshedpu
r",055B,CHAIBASA,45,212
ECZ,"Jamshedpu
r",055D,ADITYAPUR,55,259
ECZ,"Jamshedpu
r",055E,GUMLA,209,1046
ECZ,Jamshedpu r,055F,JAMSHEDPUR III,57,278
ECZ,"Jamshedpu
r",055G,MANGO,82,394
ECZ,"Jamshedpu
r",055K,GARHWA,182,1003
ECZ,Jamshedpu r,055N,JUGSALAI,59,288
ECZ,Jamshedpu r,055P,HINOO,130,608
ECZ,"Muzaffarpu
r",0489,MUZAFFARPUR II,174,863
ECZ,"Muzaffarpu
r",0515,MUZAFFARPUR III,169,818
ECZ,Muzaffarpu r,0531,MUZAFFARPUR I,234,1145
ECZ,Muzaffarpu r,0533,SITAMARHI,349,1676
ECZ,Muzaffarpu r,0534,DARBHANGA,198,954
ECZ,"Muzaffarpu
r",0536,MOTIHARI,371,1787
ECZ,"Muzaffarpu
r",0542,MADHUBANI,291,1364
ECZ,"Muzaffarpu
r",0547,BETTIAH,245,1199
ECZ,Muzaffarpu r,5008,JHANJHARPUR,227,1057
ECZ,Muzaffarpu r,053C,RAXAUL,156,734
ECZ,"Muzaffarpu
r",053D,LAHERIASARAI,221,1047
ECZ,"Muzaffarpu
r",053G,MUZAFFARPUR (CAB),30,135
ECZ,Muzaffarpu r,053H,MOTIPUR,164,764
ECZ,Muzaffarpu r,053J,BAGHA,84,389
ECZ,Patna-I,0490,PATNA (CAB),30,152
ECZ,Patna-I,0517,AURANGABAD(PATNA),323,1701
ECZ,Patna-I,0518,PATNA III,169,849
ECZ,Patna-I,0521,PATNA I,67,319
ECZ,Patna-I,0522,BIHARSHARIFF,169,825
ECZ,Patna-I,0527,GAYA-I,234,1147
ECZ,Patna-I,0544,PATNA SAHEB,109,591
ECZ,Patna-I,0545,HAJIPUR,329,1584
ECZ,Patna-I,0550,PATNA-4,111,560
ECZ,Patna-I,051A,NAWADAH,170,872
ECZ,Patna-I,051H,JEHANABAD,205,1035
ECZ,Patna-I,051L,RAJGIR,117,626
ECZ,Patna-I,051M,GAYA-II,209,1126
ECZ,Patna-I,051N,KANKARBAGH,73,347
ECZ,Patna-II,0502,BUXAR,248,1285
ECZ,Patna-II,0511,DEHRI,187,1007
ECZ,Patna-II,0513,PATNA II,123,699
ECZ,Patna-II,0528,ARRAH,424,2420
ECZ,Patna-II,0532,CHAPRA,329,1937
ECZ,Patna-II,0546,SIWAN,309,1640
ECZ,Patna-II,0549,GOPALGANJ,380,2136
ECZ,Patna-II,5012,CHHAPRA-II,250,1306
ECZ,Patna-II,051D,DANAPUR,196,1133
ECZ,Patna-II,051K,SASARAM,249,1436
ECZ,Patna-II,053F,MARHAURA,138,722
ECZ,Patna-II,053I,MAHARAJGANJ,190,1072
ECZ,Sambalpur,0438,BARGARH,110,571
ECZ,Sambalpur,0510,UDITNAGAR,65,363
ECZ,Sambalpur,0586,BOLANGIR,271,1374
ECZ,Sambalpur,0587,SAMBALPUR,53,287
ECZ,Sambalpur,0589,ROURKELA,83,399
ECZ,Sambalpur,0591,JHARSUGUDA,107,567
ECZ,Sambalpur,5003,BONAIGARH,29,143
ECZ,Sambalpur,5004,SAMBALPUR II,68,364
ECZ,Sambalpur,059A,SUNDERGARH,57,307
ECZ,Sambalpur,059C,PANPOSH,114,610
ECZ,Sambalpur,059D,BURLA,60,314
ECZ,Sambalpur,059F,TITLAGARH,82,456
ECZ,Sambalpur,059H,PADAMPUR,50,272
ECZ,Sambalpur,059K,KUCHINDA,84,461
EZ,Asansol,0463,ASANSOL I,101,597
EZ,Asansol,0465,ASANSOL II,78,459
EZ,Asansol,0468,BANKURA,170,980
EZ,Asansol,0472,DURGAPUR I,91,542
EZ,Asansol,0476,DURGAPUR II,78,466
EZ,Asansol,0478,ASANSOL (CAB),30,175
EZ,Asansol,0565,RAGHUNATHPUR,138,705
EZ,Asansol,0569,PURULIA,226,1272
EZ,Asansol,046A,RANIGANJ,131,784
EZ,Asansol,046C,BISHNUPUR,246,1471
EZ,Asansol,046D,UKHRA,104,615
EZ,Asansol,046E,USHAGRAM,99,597
EZ,Asansol,046G,CHITTARANJAN,67,407
EZ,Asansol,046H,KHATRA,226,1324
EZ,Asansol,046J,JHALDA,118,608
EZ,Asansol,046N,KULTI,38,229
EZ,Bardhaman,0461,SURI,170,868
EZ,Bardhaman,0462,BURDWAN-I,145,743
EZ,Bardhaman,0471,KALNA,168,859
EZ,Bardhaman,0474,BOLPUR,128,648
EZ,Bardhaman,0475,MEMARI,130,657
EZ,Bardhaman,0503,KATWA,229,1168
EZ,Bardhaman,4021,BURDWAN-III,47,238
EZ,Bardhaman,046B,RAMPURHAT,200,1019
EZ,Bardhaman,046F,BURDWAN-II,110,557
EZ,Bardhaman,046K,GUSHKARA,169,860
EZ,Bardhaman,046L,PANAGARH,80,408
EZ,Bardhaman,046M,SAINTHIA,97,493
EZ,"Bongaigao
n",0420,KOKRAJHAR,78,482
EZ,Bongaigao n,0485,DHUBRI,130,795
EZ,Bongaigao n,0500,BONGAIGAON,99,611
EZ,"Bongaigao
n",0574,BARPETA,79,491
EZ,"Bongaigao
n",4007,GOSSAIGAON,57,352
EZ,Bongaigao n,4009,PATHSALA,69,425
EZ,Bongaigao n,048A,TURA,20,121
EZ,Bongaigao n,048D,GOALPARA,79,486
EZ,"Bongaigao
n",048K,BARPETA ROAD,89,543
EZ,"Bongaigao
n",048N,BILASHIPARA,88,544
EZ,Bongaigao n,048P,DUDHNOI,78,475
EZ,Bongaigao n,048R,BIJNI,70,426
EZ,Guwahati,0437,GUWAHATI (CAB),45,203
EZ,Guwahati,0481,GUWAHATI I,74,332
EZ,Guwahati,0482,NALBARI,159,715
EZ,Guwahati,0483,SHILLONG,40,182
EZ,Guwahati,0487,TEZPUR,74,339
EZ,Guwahati,0488,NAOGAON,235,1003
EZ,Guwahati,0548,GUWAHATI II,101,456
EZ,Guwahati,0570,GUWAHATI III,84,354
EZ,Guwahati,0571,HOJAI,179,778
EZ,Guwahati,0573,MANGALDOI,133,571
EZ,Guwahati,0592,DISPUR,77,324
EZ,Guwahati,4011,HAJO,86,351
EZ,Guwahati,048C,MALIGAON,68,291
EZ,Guwahati,048E,RANGIA,127,577
EZ,Guwahati,048F,DIPHU,47,218
EZ,Guwahati,048G,BISWANATH CHARIALI,86,377
EZ,Guwahati,048H,MIRZA,148,632
EZ,Guwahati,048J,MARIGAON,174,755
EZ,Guwahati,048L,JOWAI,18,79
EZ,Guwahati,048M,DHEKIAJULI,105,455
EZ,Howrah,0441,HOWRAH CBO-1,80,413
EZ,Howrah,0442,HOWRAH DBO,90,478
EZ,Howrah,0443,CHINSURAH,124,641
EZ,Howrah,0444,SERAMPORE,115,589
EZ,Howrah,0449,ARAMBAGH,218,1231
EZ,Howrah,0578,ULUBERIA,169,889
EZ,Howrah,0579,TAARAKESWAR,359,1981
EZ,Howrah,4019,SINGUR,136,715
EZ,Howrah,043B,DOMJUR,226,1152
EZ,Howrah,043C,JANGIPARA,140,855
EZ,Howrah,043E,HOWRAH CBO-2,80,471
EZ,Howrah,043G,UTTARPARA,78,450
EZ,Howrah,043H,PANDUA,86,467
EZ,Howrah,043J,BAGNAN,150,822
EZ,Jalpaiguri,0451,JALPAIGURI-I,124,755
EZ,Jalpaiguri,0452,MALBAZAR,88,543
EZ,Jalpaiguri,0453,SILIGURI I,120,736
EZ,Jalpaiguri,0454,DARJEELING,59,362
EZ,Jalpaiguri,0455,COOCHBEHAR,221,1329
EZ,Jalpaiguri,0456,MATHABHANGA,188,1134
EZ,Jalpaiguri,0457,MALDA-1,195,1189
EZ,Jalpaiguri,0458,RAIGANJ,173,1058
EZ,Jalpaiguri,0459,ALIPURDUAR,286,1738
EZ,Jalpaiguri,0479,BIRPARA,84,518
EZ,Jalpaiguri,0506,DINHATA,160,969
EZ,Jalpaiguri,0508,GANGTOK,35,212
EZ,Jalpaiguri,0599,BALURGHAT,242,1478
EZ,Jalpaiguri,4004,BAGDOGRA,80,487
EZ,Jalpaiguri,4005,SILIGURI (CAB),30,176
EZ,Jalpaiguri,045A,SILIGURI (DAB),34,208
EZ,Jalpaiguri,045B,FALAKATA,79,482
EZ,Jalpaiguri,045C,ISLAMPORE,118,718
EZ,Jalpaiguri,045D,CHANCHAL,130,795
EZ,Jalpaiguri,045E,SILIGURI II,60,369
EZ,Jalpaiguri,045F,MALDA-2,68,409
EZ,Jalpaiguri,045G,JALPAIGURI-II,199,1197
EZ,Jalpaiguri,045H,KALIAGANJ,117,706
EZ,Jorhat,0486,LAKHIMPUR (NORTH),194,1031
EZ,Jorhat,0491,DIBRUGARH,103,553
EZ,Jorhat,0492,TINSUKIA,77,425
EZ,Jorhat,0493,DIGBOI,81,472
EZ,Jorhat,0494,GOLAGHAT,136,766
EZ,Jorhat,0495,JORHAT-I,107,571
EZ,Jorhat,0516,ITANAGAR,50,285
EZ,Jorhat,0520,KOHIMA,20,132
EZ,Jorhat,0572,SIBSAGAR,154,864
EZ,Jorhat,0595,DIMAPUR,46,247
EZ,Jorhat,4002,PASIGHAT,84,523
EZ,Jorhat,4016,SONARI,59,312
EZ,Jorhat,044A,MORAN,114,618
EZ,Jorhat,044B,NAHARKATIYA,70,377
EZ,Jorhat,044C,DOOM DOOMA,172,982
EZ,Jorhat,044D,DHEMAJI,208,1150
EZ,Jorhat,044E,TITABAR,93,490
EZ,Jorhat,044F,BOKAKHAT,53,278
EZ,Jorhat,044G,JORHAT-II,90,497
EZ,Jorhat,048B,MOKOKCHUNG,0,0
EZ,Kharagpur,0466,MIDNAPORE,289,1482
EZ,Kharagpur,0467,CONTAI,387,1979
EZ,Kharagpur,0469,TAMLUK,344,1775
EZ,Kharagpur,0473,GHATAL,211,1094
EZ,Kharagpur,0594,KHARAGPUR,285,1475
EZ,Kharagpur,4012,GARBETA,158,805
EZ,Kharagpur,043A,HALDIA,186,1017
EZ,Kharagpur,043D,JHARGRAM,183,938
EZ,Kharagpur,043F,EGRA,282,1443
EZ,Kharagpur,043I,KHARAGPUR (CAB),41,209
EZ,KMDO-1,0412,CALCUTTA CBO-6,30,141
EZ,KMDO-1,0413,CALCUTTA CBO-2,60,257
EZ,KMDO-1,0414,CALCUTTA CBO-7,69,301
EZ,KMDO-1,0415,CALCUTTA CBO-I,59,259
EZ,KMDO-1,0416,CALCUTTA CBO-5,90,456
EZ,KMDO-1,0417,CALCUTTA CBO-3,47,236
EZ,KMDO-1,0418,CALCUTTA CBO-10,48,238
EZ,KMDO-1,0419,CALCUTTA CBO-9,69,345
EZ,KMDO-1,0421,CALCUTTA CBO-11,97,485
EZ,KMDO-1,0422,CALCUTTA CBO-4,88,458
EZ,KMDO-1,0423,CALCUTTA CBO-8,46,229
EZ,KMDO-1,0428,CALCUTTA CBO-18,50,246
EZ,KMDO-1,0440,CALCUTTA CBO-19,50,249
EZ,KMDO-1,0540,CALCUTTA CBO-20,60,301
EZ,KMDO-1,0576,CALCUTTA CBO-16,45,227
EZ,KMDO-1,0577,CALCUTTA CBO-17,40,198
EZ,KMDO-1,041H,SHYAM BAZAR CBO,88,440
EZ,KMDO-1,041I,BELIAGHATA,60,293
EZ,KMDO-1,041L,BURRA BAZAR,40,201
EZ,KMDO-1,041N,COLLEGE STREET,78,392
EZ,KMDO-1,041S,CALCUTTA CBO-21,68,341
EZ,KMDO-1,041T,CALCUTTA CBO-22,70,345
EZ,KMDO-1,041U,CALCUTTA CBO (CAB),20,99
EZ,KMDO-2,0400,JADAVPUR,70,363
EZ,KMDO-2,0425,CALCUTTA CBO-14,108,582
EZ,KMDO-2,0426,CALCUTTA CBO-15,77,407
EZ,KMDO-2,0427,DIAMOND HARBOUR,275,1510
EZ,KMDO-2,0439,BUDGE-BUDGE,154,779
EZ,KMDO-2,0450,CALCUTTA CBO (DAB),20,117
EZ,KMDO-2,0505,CALCUTTA CBO (CAB-I),29,151
EZ,KMDO-2,041A,BARUIPUR,405,2102
EZ,KMDO-2,041D,SARSUNA,50,285
EZ,KMDO-2,041E,KASBA,68,389
EZ,KMDO-2,041F,KIDDERPORE,67,354
EZ,KMDO-2,041G,BHAWANIPUR,30,174
EZ,KMDO-2,041J,GARIAHAT,80,461
EZ,KMDO-2,041K,PARK CIRCUS,30,167
EZ,KMDO-2,041M,AMTALA,140,798
EZ,KMDO-2,041P,CANNING,168,871
EZ,KMDO-2,041Q,CALCUTTA CBO (CAB-II),30,165
EZ,KMDO-2,041R,RABINDRA SAROBAR,59,305
EZ,KSDO,0424,LAKE TOWN,75,375
EZ,KSDO,429,PORT BLAIR,0,0
EZ,KSDO,0430,BARANAGAR,70,352
EZ,KSDO,0431,BARRACKPUR,124,633
EZ,KSDO,0432,BASIRHAT,230,1177
EZ,KSDO,0433,HABRA,140,716
EZ,KSDO,0435,NAIHATI,120,607
EZ,KSDO,0436,KALYANI,154,782
EZ,KSDO,0445,KRISHNAGAR-I,246,1265
EZ,KSDO,0446,BERHAMPORE,294,1558
EZ,KSDO,0447,RAGHUNATHGANJ,183,946
EZ,KSDO,0484,BARASAT,239,1222
EZ,KSDO,4015,NABADWIP,80,412
EZ,KSDO,4017,SALT LAKE (CAB),25,126
EZ,KSDO,041B,SALT LAKE,69,355
EZ,KSDO,041C,SODEPUR,100,503
EZ,KSDO,042A,RANAGHAT,116,596
EZ,KSDO,042B,BANGAON,218,1119
EZ,KSDO,042C,KANDI,168,866
EZ,KSDO,042D,DUM DUM,60,306
EZ,KSDO,042E,JIAGANJ,88,449
EZ,KSDO,042F,KRISHNAGAR II,124,632
EZ,KSDO,042G,CHAK ISLAMPUR,77,395
EZ,KSDO,042H,BARANAGAR (CAB),40,196
EZ,Silchar,0496,IMPHAL,126,524
EZ,Silchar,0497,KARIMGANJ,145,601
EZ,Silchar,0498,SILCHAR,170,706
EZ,Silchar,0499,AGARTALA-I,268,1124
EZ,Silchar,0575,UDAIPUR(SILCHAR),317,1358
EZ,Silchar,0580,DHARMANAGAR,118,494
EZ,Silchar,590,AIZAWAL,0,0
EZ,Silchar,4008,SILCHAR -2,79,329
EZ,Silchar,049A,HAILAKANDI,69,289
EZ,Silchar,049B,CHURACHANDPUR,0,0
EZ,Silchar,049C,HAFLONG,28,114
EZ,Silchar,049D,KAKCHING,39,161
EZ,Silchar,049E,AGARTALA-II,162,684
EZ,Silchar,049F,IMPHAL (CAB),27,114
NCZ,Agra,209,AGRA CBO (CAB),30,194
NCZ,Agra,210,AGRA CBO-4,40,253
NCZ,Agra,260,SHIKOHABAD,100,645
NCZ,Agra,264,AGRA CBO-2,37,243
NCZ,Agra,265,AGRA CBO-1,70,455
NCZ,Agra,266,AGRA DBO,123,803
NCZ,Agra,267,MAINPURI,152,996
NCZ,Agra,268,FIROZABAD I,60,380
NCZ,Agra,271,FARRUKHABAD,64,403
NCZ,Agra,272,ETAWAH,120,771
NCZ,Agra,278,KANNAUJ,99,643
NCZ,Agra,2007,BHARTHANA,124,795
NCZ,Agra,026A,AURAIYA,100,632
NCZ,Agra,026D,FATEHABAD,94,637
NCZ,Agra,026E,AGRA CANTT CBO-3,90,596
NCZ,Agra,026G,TUNDLA,39,237
NCZ,Agra,026J,KAMLA NAGAR CBO-5,60,387
NCZ,Agra,026N,AGRA CBO-6,70,457
NCZ,Agra,026P,FATEHGARH,73,466
NCZ,Agra,026R,FIROZABAD II,79,510
NCZ,Aligarh,256,BULANDSHAHR,88,369
NCZ,Aligarh,261,ALIGARH I,68,286
NCZ,Aligarh,262,MATHURA-I,107,448
NCZ,Aligarh,263,ETAH,119,494
NCZ,Aligarh,276,HATHRAS,115,479
NCZ,Aligarh,277,KHURJA,85,359
NCZ,Aligarh,279,KASGANJ,106,459
NCZ,Aligarh,2013,ATRAULI,66,274
NCZ,Aligarh,026B,KOSI KALAN,57,237
NCZ,Aligarh,026C,ALIGARH II,79,329
NCZ,Aligarh,026F,SIKANDRABAD,96,418
NCZ,Aligarh,026H,DEBAI,89,370
NCZ,Aligarh,026K,ALIGARH III,59,245
NCZ,Aligarh,026L,MATHURA II,85,358
NCZ,Aligarh,056A,SIKANDRARAU,40,168
NCZ,Aligarh,056B,ALIGARH (CAB),20,82
NCZ,Allahabad,220,PRATAPGARH,284,1201
NCZ,Allahabad,241,ALLAHABAD I,87,410
NCZ,Allahabad,242,ALLAHABAD DBO,110,478
NCZ,Allahabad,243,BANDA,108,450
NCZ,Allahabad,244,FATEHPUR,195,815
NCZ,Allahabad,245,ALLAHABAD II,42,199
NCZ,Allahabad,2012,HANDIA,110,459
NCZ,Allahabad,021M,KUNDA,139,587
NCZ,Allahabad,023A,ALLAHABAD (CAB),20,80
NCZ,Allahabad,023E,ALLAHABAD (DAB),25,104
NCZ,Allahabad,023F,PHULPUR,125,524
NCZ,Allahabad,023G,BHARWARI,86,379
NCZ,Allahabad,023K,KARVI,84,348
NCZ,Allahabad,023M,NAINI,41,169
NCZ,Allahabad,023Q,BINDKI,74,356
NCZ,Allahabad,023R,KATRA,74,305
NCZ,Allahabad,031N,TRANS-YAMUNA,151,628
NCZ,Allahabad,031P,ATTARRA,53,222
NCZ,Bareilly,211,BAREILLY I,40,204
NCZ,Bareilly,213,PILIBHIT,88,461
NCZ,Bareilly,215,BUDAUN,128,650
NCZ,Bareilly,216,SHAHJAHANPUR-1,60,313
NCZ,Bareilly,217,HARDOI,206,1079
NCZ,Bareilly,396,BAREILLY DBO,79,417
NCZ,Bareilly,408,BAREILLY II,48,257
NCZ,Bareilly,2002,BAREILLY CANTT.,69,359
NCZ,Bareilly,2015,SHAHJAHANPUR (CAB),9,45
NCZ,Bareilly,2018,SHAHABAD,58,296
NCZ,Bareilly,022B,BAREILLY (CAB),27,143
NCZ,Bareilly,022E,BAHERI,70,366
NCZ,Bareilly,022F,TILHAR,107,558
NCZ,Bareilly,022K,SAHASWAN,49,254
NCZ,Bareilly,022R,AONLA,70,369
NCZ,Bareilly,022S,PUWAYAN,50,260
NCZ,Bareilly,022T,PURANPUR,49,254
NCZ,Bareilly,022U,IZZAT NAGAR,86,450
NCZ,Bareilly,022V,SANDILA,118,614
NCZ,Bareilly,022W,SHAHJAHANPUR -2,60,306
NCZ,Dehradun,205,DEHRADUN II,68,359
NCZ,Dehradun,251,DEHRADUN I,80,423
NCZ,Dehradun,252,ROORKEE I,87,455
NCZ,Dehradun,253,SAHARANPUR I,99,518
NCZ,Dehradun,363,KOTDWAR,50,251
NCZ,Dehradun,367,HARDWAR I,73,368
NCZ,Dehradun,406,DEHRADUN (CAB),20,106
NCZ,Dehradun,025A,VIKASNAGAR,40,209
NCZ,Dehradun,025B,SRINAGAR,27,134
NCZ,Dehradun,025C,TEHRI,25,124
NCZ,Dehradun,025D,UTTARKASHI,33,170
NCZ,Dehradun,025E,GOPESHWAR,46,233
NCZ,Dehradun,025F,DEOBAND,78,409
NCZ,Dehradun,025L,GANGOH,40,206
NCZ,Dehradun,025M,SAHARANPUR II,67,350
NCZ,Dehradun,025Q,HARDWAR (BHEL),35,184
NCZ,Dehradun,025R,RISHIKESH,54,277
NCZ,Dehradun,027A,DEHRADUN III,46,239
NCZ,Dehradun,027B,MUSSORIE,8,41
NCZ,Dehradun,027C,ROORKEE II,74,389
NCZ,Faizabad,221,SULTANPUR,382,1993
NCZ,Faizabad,222,FAIZABAD,341,1778
NCZ,Faizabad,223,GONDA,309,1645
NCZ,Faizabad,224,BAHRAICH,212,1103
NCZ,Faizabad,228,BARABANKI,242,1259
NCZ,Faizabad,229,RAEBARELI-I,313,1648
NCZ,Faizabad,393,AKBARPUR,177,926
NCZ,Faizabad,402,BALRAMPUR,163,887
NCZ,Faizabad,021L,AYODHYA,222,1161
NCZ,Faizabad,021T,TANDA,184,964
NCZ,Faizabad,021U,RAEBARELI-II,186,981
NCZ,Faizabad,021Y,RUDAULI,137,709
NCZ,Faizabad,022C,JAGDISHPUR(RURAL),187,985
NCZ,Gorakhpur,208,GORAKHPUR II,200,805
NCZ,Gorakhpur,281,GORAKHPUR I,190,757
NCZ,Gorakhpur,282,DEORIA I,207,831
NCZ,Gorakhpur,283,BASTI,341,1362
NCZ,Gorakhpur,285,AZAMGARH I,182,727
NCZ,Gorakhpur,290,BARHALGANJ,182,725
NCZ,Gorakhpur,296,MAUNATH BHANJAN,177,705
NCZ,Gorakhpur,299,PADRAUNA,262,1047
NCZ,Gorakhpur,403,GORAKKHPUR (CAB),46,183
NCZ,Gorakhpur,2011,KUSHINAGAR,214,853
NCZ,Gorakhpur,2016,AZAMGARH (CAB),26,105
NCZ,Gorakhpur,028B,ANAND NAGAR,219,873
NCZ,Gorakhpur,028E,BANSI,165,661
NCZ,Gorakhpur,028K,SALEMPUR,231,922
NCZ,Gorakhpur,028L,KHALILABAD,224,907
NCZ,Gorakhpur,029A,PHOOLPUR,143,569
NCZ,Gorakhpur,029B,MAHARAJGANJ,166,663
NCZ,Gorakhpur,029D,AZANGARH-II,172,688
NCZ,Gorakhpur,029E,DEORIA-II,221,882
NCZ,Gorakhpur,029F,GORAKHPUR-III,169,674
NCZ,Gorakhpur,029G,DUMARIAGANJ,78,309
NCZ,Gorakhpur,029H,GHOSI,153,609
NCZ,Haldwani,212,HALDWANI I,97,470
NCZ,Haldwani,214,NAINITAL,29,139
NCZ,Haldwani,269,RAMPUR,104,523
NCZ,Haldwani,369,BILASPUR,59,295
NCZ,Haldwani,391,ALMORA,54,258
NCZ,Haldwani,392,KASHIPUR,99,490
NCZ,Haldwani,405,PITHORAGARH,40,194
NCZ,Haldwani,2005,DIDIHAT,28,135
NCZ,Haldwani,2019,LOHAGHAT,38,180
NCZ,Haldwani,022H,KHATIMA,96,479
NCZ,Haldwani,022P,PANTNAGAR,50,249
NCZ,Haldwani,022Q,RANIKHET CANTT.,49,237
NCZ,Haldwani,024A,RUDRAPUR,93,462
NCZ,Haldwani,024B,RAMNAGAR,59,295
NCZ,Haldwani,024C,SITARGANJ,39,193
NCZ,Haldwani,024D,BAGESHWAR,38,182
NCZ,Haldwani,024E,HALDWANI II,54,259
NCZ,Haldwani,024F,KASHIPUR (CAB),19,89
NCZ,Kanpur,203,KANPUR CBO (DAB-1),76,400
NCZ,Kanpur,231,KANPUR (SHIVOY TOWER) DBO,82,424
NCZ,Kanpur,232,KANPUR CBO-1,76,399
NCZ,Kanpur,233,KANPUR CBO-2,80,417
NCZ,Kanpur,235,KANPUR CBO-3,48,246
NCZ,Kanpur,236,MAHOBA,127,649
NCZ,Kanpur,238,PUKHRAYAN,102,540
NCZ,Kanpur,246,LALITPUR,96,487
NCZ,Kanpur,273,JHANSI -1,102,524
NCZ,Kanpur,274,ORAI,113,589
NCZ,Kanpur,398,KANPUR (CAB),20,102
NCZ,Kanpur,409,KANPUR CBO-5,75,395
NCZ,Kanpur,2003,GHATAMPUR,78,407
NCZ,Kanpur,2004,KANPUR (CAB-2),40,209
NCZ,Kanpur,2014,JHANSI (CAB),18,92
NCZ,Kanpur,023B,BILHAUR,88,465
NCZ,Kanpur,023C,GOVINDNAGAR CBO-4,64,328
NCZ,Kanpur,023D,KANPUR CBO (DAB-2),42,218
NCZ,Kanpur,023H,KAKADEO CBO-6,48,253
NCZ,Kanpur,023J,MAURANIPUR(JHANSI),78,407
NCZ,Kanpur,023L,KIDWAINAGAR CBO-7,91,465
NCZ,Kanpur,023N,JALAUN,78,418
NCZ,Kanpur,023P,LALBUNGALOW CBO-8,62,320
NCZ,Kanpur,023S,KALYANPUR CBO-9,87,450
NCZ,Kanpur,023T,JHANSI -2,105,533
NCZ,Kanpur,023U,RATH(HAMIRPUR),88,459
NCZ,Lucknow,218,LAKHIMPUR KHERI,156,623
NCZ,Lucknow,219,SITAPUR,150,599
NCZ,Lucknow,225,LUCKNOW (DBO),115,469
NCZ,Lucknow,226,LUCKNOW CITY,104,416
NCZ,Lucknow,227,LUCKNOW (CANTT),69,274
NCZ,Lucknow,234,UNNAO,198,793
NCZ,Lucknow,394,LUCKNOW (CHOWK),76,301
NCZ,Lucknow,395,LUCKNOW (CAB),30,120
NCZ,Lucknow,397,LUCKNOW LALBAGH,57,225
NCZ,Lucknow,2001,MOHANLAL GANJ,104,415
NCZ,Lucknow,021N,TRANS GOMTI,165,657
NCZ,Lucknow,021P,BISWAN,80,319
NCZ,Lucknow,021Q,PALIA KALAN,49,194
NCZ,Lucknow,021R,BANGERMAU,120,479
NCZ,Lucknow,021S,INDIRA NAGAR,100,396
NCZ,Lucknow,021V,NANPARA,80,319
NCZ,Lucknow,021W,RAJAJI PURAM,80,319
NCZ,Lucknow,022A,LUCKNOW-ALAMBAGH,65,258
NCZ,Lucknow,022D,GOLA GOKARN NATH,100,397
NCZ,Meerut,200,DHAMPUR,130,667
NCZ,Meerut,250,MODINAGAR,92,474
NCZ,Meerut,254,MUZAFFARNAGAR,126,649
NCZ,Meerut,255,GHAZIABAD I,106,544
NCZ,Meerut,257,MEERUT I,74,378
NCZ,Meerut,258,MORADABAD I,112,578
NCZ,Meerut,259,BIJNORE,138,706
NCZ,Meerut,270,MEERUT III,68,345
NCZ,Meerut,275,MAWANA,48,244
NCZ,Meerut,361,HAPUR,118,604
NCZ,Meerut,362,CHANDAUSI,86,444
NCZ,Meerut,364,SHAMLI,89,453
NCZ,Meerut,365,BARAUT,69,351
NCZ,Meerut,366,KHATAULI,105,545
NCZ,Meerut,368,MEERUT II,56,288
NCZ,Meerut,404,MORADABAD II,113,579
NCZ,Meerut,407,MEERUT (CAB),10,51
NCZ,Meerut,2006,GHAZIABAD III,62,322
NCZ,Meerut,2017,"CAB, MORADABAD",10,51
NCZ,Meerut,025G,AMROHA,125,642
NCZ,Meerut,025H,GHAZIABAD II,138,709
NCZ,Meerut,025J,NOIDA,148,756
NCZ,Meerut,025K,MEERUT-IV DELHI ROAD,50,250
NCZ,Meerut,025N,NAJIBABAD,78,394
NCZ,Meerut,025P,BAGHPAT,50,256
NCZ,Meerut,025S,KAIRANA,55,280
NCZ,Meerut,025T,MODIPURAM,59,303
NCZ,Varanasi,204,VARANASI CBO-4,0,0
NCZ,Varanasi,284,GHAZIPUR,0,0
NCZ,Varanasi,286,BALLIA,0,0
NCZ,Varanasi,287,MIRZAPUR,0,0
NCZ,Varanasi,289,ROBERTSGANJ,0,0
NCZ,Varanasi,291,VARANASI CBO-1,0,0
NCZ,Varanasi,292,VARANASI DBO,0,0
NCZ,Varanasi,293,JAUNPUR I,0,0
NCZ,Varanasi,294,MOGHALSARAI,0,0
NCZ,Varanasi,295,GYANPUR,0,0
NCZ,Varanasi,297,VARANASI CBO-2,0,0
NCZ,Varanasi,028A,VARANASI CBO (CAB),0,0
NCZ,Varanasi,028C,CHUNAR,0,0
NCZ,Varanasi,028D,BHADOHI,0,0
NCZ,Varanasi,028F,RENUKOOT,0,0
NCZ,Varanasi,028G,RASRA,0,0
NCZ,Varanasi,028H,YUSUFPUR MOHAMMADABAD,0,0
NCZ,Varanasi,028I,SHAHGANJ,0,0
NCZ,Varanasi,028J,MANDUADIH,0,0
NCZ,Varanasi,028M,KERAKAT,0,0
NCZ,Varanasi,028N,SARNATH,0,0
NCZ,Varanasi,028P,MOGRA BADSHAHPUR,0,0
NCZ,Varanasi,028Q,SAIDPUR,0,0
NCZ,Varanasi,028R,VARANASI CANTT. CBO-3,0,0
NCZ,Varanasi,028S,ANPARA,0,0
NCZ,Varanasi,028T,JAUNPUR II,0,0
NCZ,Varanasi,028U,VINDHYACHAL,0,0
NCZ,Varanasi,028V,BANSDIH,0,0
NZ,Ajmer,106,AJMER-II,96,449
NZ,Ajmer,109,KOTA-II,80,368
NZ,Ajmer,181,AJMER-I,94,450
NZ,Ajmer,182,KOTA I,128,592
NZ,Ajmer,198,BHILWARA-I,109,488
NZ,Ajmer,313,KOTA (CAB),27,128
NZ,Ajmer,321,BEAWAR,132,629
NZ,Ajmer,322,JHALAWAR,74,348
NZ,Ajmer,1201,LAKHERI,70,318
NZ,Ajmer,1202,KEKRI,75,345
NZ,Ajmer,018A,BUNDI,49,227
NZ,Ajmer,018F,KISHANGARH,68,323
NZ,Ajmer,018J,SHAHPURA,109,512
NZ,Ajmer,018M,BARAN,112,526
NZ,Ajmer,018N,NASIRABAD,77,363
NZ,Ajmer,018U,BHILWARA II,130,579
NZ,Ajmer,018X,KOTA-III,105,480
NZ,Ajmer,029N,AJMER (CAB),20,89
NZ,Ajmer,029P,BHAWANI MANDI,61,272
NZ,Ajmer,029R,BIJAINAGAR,114,532
NZ,Amritsar,135,PATHANKOT I,30,131
NZ,Amritsar,136,BATALA I,30,114
NZ,Amritsar,137,TARN TARAN,60,284
NZ,Amritsar,140,AMRITSAR III,49,204
NZ,Amritsar,143,AMRITSAR I,53,210
NZ,Amritsar,144,GURDASPUR,80,370
NZ,Amritsar,146,AMRITSAR II,39,159
NZ,Amritsar,148,FEROZPUR,40,174
NZ,Amritsar,149,ABOHAR,78,327
NZ,Amritsar,150,AMRITSAR IV,20,88
NZ,Amritsar,329,AMRITSAR (CAB),10,36
NZ,Amritsar,1081,BATALA II,63,241
NZ,Amritsar,013K,RAYYA,30,114
NZ,Amritsar,013R,FAZILKA,75,307
NZ,Amritsar,013S,CHHAHARTA,38,159
NZ,Amritsar,013U,ZIRA,40,159
NZ,Amritsar,047A,PATHANKOT-II,49,204
NZ,Bikaner,186,CHURU,40,203
NZ,Bikaner,187,BIKANER I,66,333
NZ,Bikaner,188,SRIGANGANAGAR-I,49,245
NZ,Bikaner,189,HANUMANGARH,40,203
NZ,Bikaner,191,NAGAUR,95,484
NZ,Bikaner,328,RAISINGH NAGAR,49,248
NZ,Bikaner,1281,ANOOPGARH,30,150
NZ,Bikaner,1282,KUCHAMAN CITY,93,475
NZ,Bikaner,010A,BIKANER II,60,304
NZ,Bikaner,010E,NOKHA,20,102
NZ,Bikaner,015N,SURATGARH,60,304
NZ,Bikaner,015P,SRIGANGANAGAR-II,59,301
NZ,Bikaner,019A,DEEDWANA,77,394
NZ,Bikaner,019D,NOHAR,72,368
NZ,Bikaner,019F,SARDARSHAHAR,46,230
NZ,Bikaner,019G,SUJANGARH,50,256
NZ,Bikaner,019H,MAKRANA,76,394
NZ,Bikaner,019U,MERTA CITY,36,178
NZ,Bikaner,050A,SANGARIA,39,196
NZ,Bikaner,050B,BIKANER (CAB),10,52
NZ,Bikaner,050C,RATANGARH,48,246
NZ,Bikaner,050D,SADULPUR,60,309
NZ,Chandigarh,133,NANGAL,69,337
NZ,Chandigarh,163,CHANDIGARH I,54,261
NZ,Chandigarh,168,CHANDIGARH (DAB),37,169
NZ,Chandigarh,172,SANGRUR,97,443
NZ,Chandigarh,173,PATIALA I,57,269
NZ,Chandigarh,180,CHANDIGARH II,38,167
NZ,Chandigarh,190,CHANDIGARH (CAB),29,127
NZ,Chandigarh,315,RAJPURA,50,232
NZ,Chandigarh,316,MALERKOTLA,49,228
NZ,Chandigarh,332,ROPAR,35,152
NZ,Chandigarh,1121,DERA BASSI,77,347
NZ,Chandigarh,1122,CHANDIGARH III,39,178
NZ,Chandigarh,016H,NABHA,40,188
NZ,Chandigarh,016L,MOHALI,83,391
NZ,Chandigarh,016P,MANDI GOBINDGARH,73,355
NZ,Chandigarh,016W,BARNALA,50,231
NZ,Chandigarh,016X,SAMANA,49,236
NZ,Chandigarh,016Y,PATIALA-II,60,281
NZ,Chandigarh,020N,MANIMAJRA,40,187
NZ,Chandigarh,020P,MORINDA,49,223
NZ,Delhi-1,108,KAROL BAGH,40,205
NZ,Delhi-1,111,CONN.CIRCUS,40,209
NZ,Delhi-1,112,CONN.CIRCUS,46,229
NZ,Delhi-1,113,CONN.CIRCUS,40,200
NZ,Delhi-1,115,CONN.CIRCUS,50,244
NZ,Delhi-1,117,DELHI CBO ( K.G.MARG) (DAB),39,196
NZ,Delhi-1,118,JANPATH,50,268
NZ,Delhi-1,119,DELHI CBO (OPP.MOOL CHAND HOSPITAL),68,332
NZ,Delhi-1,120,CONN.CIRCUS CBO (DAB),20,94
NZ,Delhi-1,124,SATNAGAR (W.E.A.),120,608
NZ,Delhi-1,127,VASANT LOK CBO,30,147
NZ,Delhi-1,310,JANPATH,125,608
NZ,Delhi-1,311,RAJENDRA PLACE CBO,97,446
NZ,Delhi-1,011C,KHAN MARKET CBO (CAB),10,53
NZ,Delhi-1,011F,SOUTH EXTENSION PART-1 CBO,66,314
NZ,Delhi-1,011J,DELHI (K.G.MARG) CBO,73,372
NZ,Delhi-1,011N,MEHRAULI CBO,58,279
NZ,Delhi-1,011R,BHIKAJI CAMMA PLACE,58,294
NZ,Delhi-1,011S,KAILASH COLONY,129,676
NZ,Delhi-1,011X,HAUZ RANI CBO,40,196
NZ,Delhi-1,012A,KAROL BAGH II(P.L.HOUSE),47,225
NZ,Delhi-1,012G,NEHRU PLACE CBO,66,310
NZ,Delhi-1,031A,NIZAMMUDIN (W) CBO,49,227
NZ,Delhi-1,031C,GREEN PARK,39,190
NZ,Delhi-1,031D,WEST PATEL NAGAR CBO (CAB),20,94
NZ,Delhi-2,114,CHANDNI CHOWK CBO,72,403
NZ,Delhi-2,116,ASAF ALI ROAD CBO,40,235
NZ,Delhi-2,123,MODEL TOWN,92,534
NZ,Delhi-2,126,DARYAGANJ CBO,47,270
NZ,Delhi-2,312,FRIENDS COLONY,43,243
NZ,Delhi-2,314,FARIDABAD-1 (NEELAM BATA ROAD),112,644
NZ,Delhi-2,320,ASAF ALI ROAD CBO (CAB),10,54
NZ,Delhi-2,326,ASAF ALI ROAD CBO (DAB),10,61
NZ,Delhi-2,327,ASAF ALI ROAD CBO (DAB),20,114
NZ,Delhi-2,1021,GANDHINAGAR (CAB),20,123
NZ,Delhi-2,011B,GANDHI NAGAR,76,453
NZ,Delhi-2,011D,LAKSHMI NAGAR,58,356
NZ,Delhi-2,011E,ROOP NAGAR,50,310
NZ,Delhi-2,011H,PALWAL,128,725
NZ,Delhi-2,011K,FAIZ ROAD CHOWK CBO,47,268
NZ,Delhi-2,011L,VIJAY NAGAR NARELA,66,388
NZ,Delhi-2,011M,SHAHDARA,65,369
NZ,Delhi-2,011P,PITAM PURA - CBO,49,283
NZ,Delhi-2,011U,FARIDABAD-II,106,574
NZ,Delhi-2,012B,BADARPUR CBO,71,416
NZ,Delhi-2,012C,KASHMIRI GATE,56,326
NZ,Delhi-2,012D,VIVEK VIHAR (JAGATPURI CHOWK) CBO,43,239
NZ,Delhi-2,012F,MAYUR VIHAR,56,317
NZ,Delhi-2,012J,BALLABHGARH,78,461
NZ,Delhi-2,012K,SIKKA CHAMBER,49,278
NZ,Delhi-2,012L,YAMUNA VIHAR,68,416
NZ,Delhi-2,012P,TIMARPUR,38,219
NZ,Delhi-2,012R,FARIDABAD OLD CITY,70,411
NZ,Delhi-2,012T,ADARSH NAGAR CBO,60,337
NZ,Delhi-3,122,GURGAON,132,523
NZ,Delhi-3,128,JANAK PURI PANKHA ROAD CBO,109,427
NZ,Delhi-3,129,KIRTI NAGAR CBO,93,397
NZ,Delhi-3,1041,SOHNA,38,145
NZ,Delhi-3,011A,JANAKPURI - CBO,40,176
NZ,Delhi-3,011G,REWARI,168,742
NZ,Delhi-3,011T,NARAINA VIHAR CBO,47,205
NZ,Delhi-3,011W,PASCHIM VIHAR CBO,100,455
NZ,Delhi-3,011Y,NAJAFGARH,59,252
NZ,Delhi-3,012E,NARAINA CBO,30,138
NZ,Delhi-3,012H,SARASWATI VIHAR CBO,128,538
NZ,Delhi-3,012M,DUNDAHERA,106,370
NZ,Delhi-3,012N,PALAM COLONY CBO,70,319
NZ,Delhi-3,031B,LAJWANTI GARDEN CBO,90,371
NZ,Delhi-3,033A,TILAK NAGAR CBO,40,159
NZ,Delhi-3,033B,TILAK NAGAR CBO (CAB),20,88
NZ,Jaipur-1,103,JHUNJHUNU,9,45
NZ,Jaipur-1,157,JAIPUR (CAB-1),9,40
NZ,Jaipur-1,160,JAIPUR (DAB),0,0
NZ,Jaipur-1,192,SIKAR,18,85
NZ,Jaipur-1,194,JAIPUR I,30,140
NZ,Jaipur-1,195,ALWAR,30,145
NZ,Jaipur-1,1242,JAIPUR - IV,10,48
NZ,Jaipur-1,015R,BHIWADI,0,0
NZ,Jaipur-1,015S,JHOTWARA,20,96
NZ,Jaipur-1,015T,NEEM-KA-THANA,20,91
NZ,Jaipur-1,019C,KOTPUTLI,27,128
NZ,Jaipur-1,019J,CHIRAWA,18,91
NZ,Jaipur-1,019P,KHAIRTHAL MANDI,10,51
NZ,Jaipur-1,019W,FATEHPUR,0,0
NZ,Jaipur-1,019Y,CHOMU,10,50
NZ,Jaipur-2,105,TONK,133,667
NZ,Jaipur-2,159,JAIPUR III,168,837
NZ,Jaipur-2,193,SAWAI MADHOPUR,111,496
NZ,Jaipur-2,196,BHARATPUR,243,1038
NZ,Jaipur-2,325,JAIPUR II,151,723
NZ,Jaipur-2,335,JAIPUR (CAB-2),49,244
NZ,Jaipur-2,1241,KAROULI,46,229
NZ,Jaipur-2,015U,DEOLI,89,432
NZ,Jaipur-2,019B,DAUSA,213,1037
NZ,Jaipur-2,019E,DHOLPUR,110,538
NZ,Jaipur-2,019K,GANGAPUR CITY,69,294
NZ,Jaipur-2,019L,HINDAUN,74,368
NZ,Jaipur-2,019N,SAMBHAR LAKE,59,301
NZ,Jaipur-2,019R,TRANSPORT NAGAR,107,538
NZ,Jaipur-2,019T,SANGANER,172,870
NZ,Jaipur-2,019X,DEEG,80,339
NZ,Jalandhar,101,JALANDHAR (CAB),7,29
NZ,Jalandhar,138,PHAGWARA,29,141
NZ,Jalandhar,139,MOGA,50,254
NZ,Jalandhar,141,JALANDHAR I,40,188
NZ,Jalandhar,142,JALANDHAR II,38,172
NZ,Jalandhar,147,HOSHIARPUR,48,235
NZ,Jalandhar,151,JALANDHAR III,47,222
NZ,Jalandhar,152,KAPURTHALA,40,196
NZ,Jalandhar,153,MUKTSAR,30,149
NZ,Jalandhar,156,NAWANSHAHR,50,241
NZ,Jalandhar,334,FARIDKOT,57,288
NZ,Jalandhar,1061,KARTARPUR,30,135
NZ,Jalandhar,013G,JALANDHAR -IV,40,192
NZ,Jalandhar,013L,DASUYA,78,385
NZ,Jalandhar,013N,NAKODAR,40,200
NZ,Jalandhar,013T,PHILLAUR,20,101
NZ,Jalandhar,013W,MALOUT,30,152
NZ,Jalandhar,013X,JALANDHAR (INDUSTRIAL AREA),39,194
NZ,Jalandhar,030A,GARSHANKAR,47,223
NZ,Jodhpur,154,JODHPUR III,60,290
NZ,Jodhpur,158,SUMERPUR,88,424
NZ,Jodhpur,183,BARMER,100,482
NZ,Jodhpur,184,JODHPUR I,77,373
NZ,Jodhpur,185,SIROHI,59,286
NZ,Jodhpur,323,PALI I,66,313
NZ,Jodhpur,324,JALORE,96,475
NZ,Jodhpur,330,JODHPUR II,69,315
NZ,Jodhpur,1261,PALI - II,60,297
NZ,Jodhpur,1262,OSIAN,66,310
NZ,Jodhpur,010B,SOJAT CITY,70,335
NZ,Jodhpur,010C,PHALODI,49,230
NZ,Jodhpur,010D,MANDORE,103,494
NZ,Jodhpur,010F,ABU ROAD,68,343
NZ,Jodhpur,010G,BALI,100,489
NZ,Jodhpur,010H,JAITARAN,55,262
NZ,Jodhpur,010J,SANCHORE,68,314
NZ,Jodhpur,018C,JAISALMER,57,280
NZ,Jodhpur,018E,JODHPUR (CAB),39,195
NZ,Jodhpur,018G,BALOTRA,171,840
NZ,Jodhpur,018K,BHINMAL,69,343
NZ,Jodhpur,018P,BILARA,54,258
NZ,Karnal,161,AMBALA CANTT.,97,388
NZ,Karnal,162,YAMUNA NAGAR,107,406
NZ,Karnal,164,KARNAL I,75,300
NZ,Karnal,165,PANIPAT I,60,237
NZ,Karnal,169,KURUKSHETRA,83,343
NZ,Karnal,171,JIND,113,436
NZ,Karnal,331,AMBALA CITY,63,247
NZ,Karnal,339,KAITHAL,157,614
NZ,Karnal,016G,JAGADHRI,87,350
NZ,Karnal,016K,NARWANA,72,277
NZ,Karnal,016N,PANCHKULA,38,150
NZ,Karnal,017A,PANIPAT II,89,373
NZ,Karnal,017B,KARNAL II,97,396
NZ,Karnal,017E,NARAINGARH,65,253
NZ,Karnal,017F,KALKA,30,110
NZ,Karnal,017J,PEHOWA,86,334
NZ,Ludhiana,170,LUDHIANA (DAB),39,137
NZ,Ludhiana,174,BATHINDA,83,296
NZ,Ludhiana,175,LUDHIANA I,93,335
NZ,Ludhiana,179,JAGRAON,56,201
NZ,Ludhiana,336,LUDHIANA II,38,133
NZ,Ludhiana,337,KHANNA,52,174
NZ,Ludhiana,1141,LUDHIANA V,54,190
NZ,Ludhiana,1142,RAMPURAPHUL,26,86
NZ,Ludhiana,016B,LUDHIANA (CAB),10,30
NZ,Ludhiana,016D,MANSA,50,179
NZ,Ludhiana,016M,LUDHIANA III,75,276
NZ,Ludhiana,016T,SAMRALA,39,129
NZ,Ludhiana,016U,LUDHIANA IV,50,183
NZ,Rohtak,176,ROHTAK,149,751
NZ,Rohtak,177,HISSAR(I),65,326
NZ,Rohtak,178,BHIWANI,96,498
NZ,Rohtak,317,SONEPAT,123,617
NZ,Rohtak,318,NARNAUL,142,670
NZ,Rohtak,319,SIRSA,69,352
NZ,Rohtak,1181,ROHTAK (CAB),20,104
NZ,Rohtak,016E,HANSI,58,283
NZ,Rohtak,016J,BAHADURGARH,167,855
NZ,Rohtak,017C,GOHANA (SONEPAT),103,495
NZ,Rohtak,017D,FATEHBAD,65,327
NZ,Rohtak,017G,MANDI DABWALI,31,154
NZ,Rohtak,017K,CHARKHI DADRI,107,549
NZ,Rohtak,017L,TOHANA,40,200
NZ,Rohtak,017M,HISSAR-II,78,394
NZ,Shimla,107,PALAMPUR,80,377
NZ,Shimla,145,DHARAMSHALA,49,212
NZ,Shimla,166,SHIMLA I,60,266
NZ,Shimla,167,MANDI,80,317
NZ,Shimla,338,SOLAN,40,181
NZ,Shimla,1161,HAMIRPUR (CAB),50,223
NZ,Shimla,013B,HAMIRPUR,40,181
NZ,Shimla,013D,UNA,70,318
NZ,Shimla,013H,CHAMBA,50,229
NZ,Shimla,015A,SHIMLA II,50,222
NZ,Shimla,015B,NURPUR,47,213
NZ,Shimla,015C,NALAGARH,50,184
NZ,Shimla,015D,PAONTA SAHIB,48,212
NZ,Shimla,015E,PARWANOO,20,90
NZ,Shimla,015F,DEHRA GOPIPUR,60,269
NZ,Shimla,015G,AMB,50,192
NZ,Shimla,015H,SHIMLA (CAB),18,80
NZ,Shimla,015J,KANGRA,40,178
NZ,Shimla,016A,NAHAN,20,81
NZ,Shimla,016C,KULLU,50,227
NZ,Shimla,016F,BILASPUR,69,269
NZ,Shimla,016R,RAMPUR BUSHAHAR,20,91
NZ,Shimla,016S,SUNDER NAGAR,50,179
NZ,Srinagar,100,JAMMU-II,99,526
NZ,Srinagar,131,SRINAGAR I,30,154
NZ,Srinagar,134,JAMMU I,75,371
NZ,Srinagar,155,ANANTNAG,49,266
NZ,Srinagar,013A,SRINAGAR II,57,273
NZ,Srinagar,013C,UDHAMPUR,121,625
NZ,Srinagar,013E,SOPORE,57,268
NZ,Srinagar,013F,RAJOURI,60,299
NZ,Srinagar,013J,KATHUA,106,549
NZ,Srinagar,013M,PULWAMA,33,171
NZ,Srinagar,013P,DODA,63,319
NZ,Srinagar,014A,BADGAM,16,83
NZ,Srinagar,014B,JAMMU III,99,490
NZ,Srinagar,014C,SRINAGAR III,20,95
NZ,Srinagar,014D,POONCH,30,139
NZ,Srinagar,014E,R.S.PURA,55,290
NZ,Srinagar,014F,SAMBHA,67,330
NZ,Udaipur,102,BANSWARA,88,456
NZ,Udaipur,197,UDAIPUR I,89,462
NZ,Udaipur,199,CHITTORGARH,99,517
NZ,Udaipur,333,UDAIPUR-II,111,571
NZ,Udaipur,1221,BHIM,105,545
NZ,Udaipur,1222,SAGWARA,75,386
NZ,Udaipur,1223,BHINDER,68,350
NZ,Udaipur,018B,DUNGARPUR,95,485
NZ,Udaipur,018D,RAJSAMAND,109,568
NZ,Udaipur,018H,UDAIPUR (CAB),20,103
NZ,Udaipur,018R,PRATAPGARH,59,293
NZ,Udaipur,018S,RISHABDEO,77,395
NZ,Udaipur,018T,NIMBAHERA,50,261
NZ,Udaipur,018W,NATHDWARA,121,631
NZ,Udaipur,018Y,BEGUN,39,197
SCZ,"Bangalore-
DO I",602,BANG (NR SQUARE) CBO-8,40,233
SCZ,Bangalore- DO I,604,KEMPEGOWDA RD. CBO-6,30,169
SCZ,Bangalore- DO I,605,TIPTUR,89,497
SCZ,Bangalore- DO I,0610,BANGALORE CBO-7 (DAB),40,221
SCZ,"Bangalore-
DO I",0611,BANG CBO-1,40,223
SCZ,"Bangalore-
DO I",0613,MALLESWARAM CBO-3,30,169
SCZ,Bangalore- DO I,0615,TUMKUR I,90,531
SCZ,Bangalore- DO I,6001,TUMKUR II,100,581
SCZ,Bangalore- DO I,6002,BANG CBO-26 (CAB),20,111
SCZ,"Bangalore-
DO I",6003,PAVAGADA,40,228
SCZ,"Bangalore-
DO I",061A,BASAVANGUDI CBO-12,40,226
SCZ,Bangalore- DO I,061B,BANG (JC ROAD) CBO-13,40,231
SCZ,Bangalore- DO I,061C,JAYANAGAR CBO-14,50,288
SCZ,Bangalore- DO I,061D,YESHWANTPUR CBO-15,30,176
SCZ,"Bangalore-
DO I",061G,RAJAJI NAGAR CBO-17,30,172
SCZ,"Bangalore-
DO I",061H,MADHUGIRI,60,353
SCZ,"Bangalore-
DO I",061T,KUNIGAL,60,349
SCZ,Bangalore- DO I,061U,PEENYA CBO-20,40,227
SCZ,Bangalore- DO I,061X,VIJAYNAGAR CBO-21,90,520
SCZ,"Bangalore-
DO I",061Y,SARAKKI CBO-22,40,231
SCZ,"Bangalore-
DO II",303,KOLAR,88,454
SCZ,Bangalore- DO II,308,BANG (RICHMOND TOWN) CBO-10,20,114
SCZ,Bangalore- DO II,309,BANG (ST.MARKS RD.) CBO - 11,30,162
SCZ,Bangalore- DO II,601,CHANNAPATNA,97,537
SCZ,"Bangalore-
DO II",603,CIVIL STN.(E) CBO-5,20,113
SCZ,"Bangalore-
DO II",606,CHICKBALLAPOR,109,614
SCZ,"Bangalore-
DO II",612,CIVIL STATION CBO-2,40,224
SCZ,Bangalore- DO II,614,RESIDENCY RD. CBO-4,30,170
SCZ,Bangalore- DO II,616,KOLAR GOLD FIELDS,74,405
SCZ,"Bangalore-
DO II",0801,BANGALORE CBO-9 (CAB),20,111
SCZ,"Bangalore-
DO II",6011,BANG (R.T.NAGAR) CBO-27,39,221
SCZ,Bangalore- DO II,036A,KRISHNARAJAPURAM CBO-25,59,325
SCZ,Bangalore- DO II,061E,DODDABALLAPUR,69,389
SCZ,Bangalore- DO II,061F,INDIRA NAGAR CBO-16,30,155
SCZ,"Bangalore-
DO II",061L,KORAMANGALA CBO-23,19,100
SCZ,"Bangalore-
DO II",061M,FRAZER TOWN CBO-18,20,114
SCZ,Bangalore- DO II,061P,BANG (WHITE FIELD) CBO-19,19,101
SCZ,Bangalore- DO II,061R,CHINTAMANI,80,470
SCZ,Bangalore- DO II,061V,KANAKAPURA,40,212
SCZ,"Bangalore-
DO II",061W,BANG (G.S.D.) CBO-24,30,171
SCZ,Belgaum,0633,BIJAPUR,67,375
SCZ,Belgaum,0634,BAGALKOT,70,413
SCZ,Belgaum,0635,BELGAUM I,77,451
SCZ,Belgaum,0636,CHIKODI,93,547
SCZ,Belgaum,6141,BADAMI,90,540
SCZ,Belgaum,6142,BELGAUM (CAB),10,59
SCZ,Belgaum,063D,BELGAUM II (DAB),66,403
SCZ,Belgaum,063G,BELGAUM III,66,387
SCZ,Belgaum,063J,JAMKHANDI,97,587
SCZ,Belgaum,063N,SAUNDATTI,78,450
SCZ,Belgaum,063P,GOKAK,115,684
SCZ,Belgaum,063T,ATHANI,89,536
SCZ,Belgaum,063W,BAILHONGAL,39,228
SCZ,Belgaum,066W,BASAVANA BAGEWADI,116,690
SCZ,Dharwad,0631,DHARWAD-I,117,609
SCZ,Dharwad,0632,HUBLI I,79,416
SCZ,Dharwad,0637,SIRSI,98,493
SCZ,Dharwad,0638,HAVERI,120,634
SCZ,Dharwad,0639,KUMTA,98,463
SCZ,Dharwad,6031,GADAG II,97,488
SCZ,Dharwad,063A,DHARWAD (CAB),49,278
SCZ,Dharwad,063B,HUBLI II,29,149
SCZ,Dharwad,063C,GADAG,68,350
SCZ,Dharwad,063E,KARWAR,39,186
SCZ,Dharwad,063F,HUBLI III,69,375
SCZ,Dharwad,063M,DANDELI,50,233
SCZ,Dharwad,063Q,NAVALGUND,90,421
SCZ,Dharwad,063R,RANEBENNUR,106,527
SCZ,Dharwad,063V,HONAVAR,70,354
SCZ,Hyderabad,0641,HYD-CBO-1,30,187
SCZ,Hyderabad,0642,HYD CBO-2,59,364
SCZ,Hyderabad,0643,HYD-CBO-3,40,256
SCZ,Hyderabad,0649,MAHBUBNAGAR,138,874
SCZ,Hyderabad,0650,HYD-CBO-5,20,127
SCZ,Hyderabad,0660,HYD-CBO-15,30,168
SCZ,Hyderabad,0680,WANAPARTHY,138,802
SCZ,Hyderabad,0800,HYD-CBO-6 (CAB),20,129
SCZ,Hyderabad,0804,HYD-CBO-7,29,178
SCZ,Hyderabad,6041,KACHIGUDA CBO-21,40,261
SCZ,Hyderabad,6042,HYDERABAD CBO-22 (CAB),10,57
SCZ,Hyderabad,064K,HYD-CBO-9,40,236
SCZ,Hyderabad,064N,VIKARABAD,69,440
SCZ,Hyderabad,064S,AMEERPET CBO-11,54,332
SCZ,Hyderabad,064V,JADCHERLA,87,561
SCZ,Hyderabad,064W,MAHADIPATNAM CBO-13,36,211
SCZ,Hyderabad,070M,KALWAKURTHY,69,433
SCZ,Hyderabad,073G,HYD-CBO-16,67,403
SCZ,Hyderabad,073J,GADWAL,49,317
SCZ,Hyderabad,073K,HYD-CBO-17,38,237
SCZ,Hyderabad,073L,HARIBOWLI CBO-19,30,188
SCZ,Hyderabad,073M,MUSHEERABAD CBO-18,40,254
SCZ,Kadapa,0655,NANDYAL,119,474
SCZ,Kadapa,0656,KURNOOL,100,433
SCZ,Kadapa,0657,HINDUPUR,98,394
SCZ,Kadapa,0658,ANANTAPUR-I,70,300
SCZ,Kadapa,0659,CUDDAPAH,59,235
SCZ,Kadapa,0662,ADONI,100,459
SCZ,Kadapa,0663,PRODDATUR,148,663
SCZ,Kadapa,6021,ANANTHAPUR II,50,205
SCZ,Kadapa,6022,BANGANAPALLE,50,217
SCZ,Kadapa,065C,GUNTAKAL,60,260
SCZ,Kadapa,065D,RAJAMPET,60,282
SCZ,Kadapa,065F,DHARMAVARAM,50,180
SCZ,Kadapa,065H,ATMAKUR (K),80,365
SCZ,Kadapa,065I,RAYACHOTI,70,286
SCZ,Kadapa,065L,TADPATRI,70,325
SCZ,Kadapa,065M,YEMMIGANUR,130,509
SCZ,Kadapa,065R,JAMMALAMADUGU,75,314
SCZ,Kadapa,065V,DHONE,60,283
SCZ,Kadapa,065W,KADIRI,70,322
SCZ,Kadapa,065Y,RAYADURG,40,180
SCZ,Karimnagar,630,JAGTIAL,80,419
SCZ,Karimnagar,648,MANCHERIAL,140,728
SCZ,Karimnagar,0652,KARIMNAGAR I,70,358
SCZ,Karimnagar,6151,HUSNABAD,50,260
SCZ,Karimnagar,064C,ADILABAD,80,416
SCZ,Karimnagar,064E,PEDDAPALLI,89,459
SCZ,Karimnagar,064Q,SIRCILLA,116,603
SCZ,Karimnagar,068B,RAMAGUNDAM,60,309
SCZ,Karimnagar,068C,NIRMAL,60,311
SCZ,Karimnagar,068D,HUZURABAD,86,445
SCZ,Karimnagar,068E,BELLAMPALLI,85,433
SCZ,Karimnagar,068J,METPALLY,70,369
SCZ,Karimnagar,068M,KARIMNAGAR II,60,306
SCZ,"Machilipat
nam",0683,MASULIPATNAM I,50,256
SCZ,Machilipat nam,0685,VIJAYAWADA II,50,257
SCZ,Machilipat nam,0686,VIJAYAWADA I,95,492
SCZ,"Machilipat
nam",0687,TENALI,50,255
SCZ,"Machilipat
nam",0688,GUNTUR I,50,258
SCZ,Machilipat nam,0689,BAPATLA,57,295
SCZ,Machilipat nam,0691,NARASARAOPET,67,351
SCZ,Machilipat nam,0692,GUDIVADA,70,357
SCZ,"Machilipat
nam",0693,NUZVID,94,485
SCZ,"Machilipat
nam",0699,GUNTUR II,120,616
SCZ,"Machilipat
nam",0706,GUNTUR (CAB),20,104
SCZ,Machilipat nam,0730,VIJAYAWADA III,59,302
SCZ,Machilipat nam,067A,VIJAYWADA -5 (CAB),20,102
SCZ,"Machilipat
nam",067C,REPALLE,50,260
SCZ,"Machilipat
nam",067F,AVANIGADDA,40,207
SCZ,Machilipat nam,067G,GURUZELA,80,420
SCZ,Machilipat nam,067H,CHILAKALURIPET,54,263
SCZ,Machilipat nam,067J,VIJAYAWADA IV,59,304
SCZ,"Machilipat
nam",067K,JAGGAYYAPET,80,418
SCZ,"Machilipat
nam",067L,VINUKONDA,70,369
SCZ,Machilipat nam,067M,SATTENAPALLI,59,300
SCZ,Machilipat nam,067N,MASULIPATNAM II,50,257
SCZ,Machilipat nam,067R,VUYYUR,30,155
SCZ,"Machilipat
nam",067S,KAIKALUR,60,312
SCZ,Mysore,304,KOLLEGAL,70,364
SCZ,Mysore,607,KRISHNARAJANAGAR,80,418
SCZ,Mysore,608,CHAMARAJANAGAR,30,158
SCZ,Mysore,609,ARSIKERE,40,211
SCZ,Mysore,617,MYSORE-I,30,158
SCZ,Mysore,618,MANDYA,100,527
SCZ,Mysore,619,HASSAN,70,365
SCZ,Mysore,622,MADIKERI,30,156
SCZ,Mysore,0679,MYSORE-II,30,157
SCZ,Mysore,0808,MYSORE-3 (CAB),20,106
SCZ,Mysore,6061,CHANNARAYPATNA,70,368
SCZ,Mysore,061J,SRIRANGAPATNA,50,265
SCZ,Mysore,061K,SAKLESPUR,40,212
SCZ,Mysore,061N,MADDUR,140,749
SCZ,Mysore,062C,SOMVARPET,40,207
SCZ,Mysore,062G,VIRAJPET,30,157
SCZ,Mysore,072A,MYSORE-IV,50,264
SCZ,Mysore,072B,HOLENARASIPUR,80,418
SCZ,Mysore,072C,HUNSUR,70,374
SCZ,Mysore,072D,K.R.PET,80,420
SCZ,Mysore,072E,MYSORE V,30,155
SCZ,Mysore,072N,NANJANGUD,40,211
SCZ,Nellore,305,ONGOLE,109,572
SCZ,Nellore,0711,NELLORE CBO-1,60,310
SCZ,Nellore,0712,CHITTOOR,50,258
SCZ,Nellore,0713,TIRUPATHI I,70,360
SCZ,Nellore,0714,MADANAPALLE,30,156
SCZ,Nellore,0715,KAVALI,59,307
SCZ,Nellore,0716,GUDUR,30,154
SCZ,Nellore,6071,GIDDALUR,60,310
SCZ,Nellore,6072,TIRUPATHI II,30,156
SCZ,Nellore,065A,MARKAPUR,109,575
SCZ,Nellore,065E,SRIKALAHASTI,49,251
SCZ,Nellore,065G,PALAMANER,57,295
SCZ,Nellore,065J,ATMAKUR (N),108,564
SCZ,Nellore,065K,NELLORE CBO-2,73,377
SCZ,Nellore,065N,NAIDUPET,85,441
SCZ,Nellore,065P,PUTTUR,39,202
SCZ,Nellore,065T,PILER,30,157
SCZ,Nellore,067D,CHIRALA,50,261
SCZ,Nellore,067E,KANDUKUR,154,816
SCZ,Nellore,067P,ADDANKI,80,420
SCZ,Nellore,084N,NELLORE CBO-3 (CAB),10,51
SCZ,Raichur,628,BELLARY-I,57,306
SCZ,Raichur,645,RAICHUR,87,463
SCZ,Raichur,646,GULBARGA-1,129,690
SCZ,Raichur,0806,BIDAR,90,489
SCZ,Raichur,063H,HOSPET,59,268
SCZ,Raichur,063K,GANGAVATHI,60,316
SCZ,Raichur,063L,SHAHAPUR,91,517
SCZ,Raichur,063Y,YADGIR,83,463
SCZ,Raichur,066A,SINDHANUR,96,505
SCZ,Raichur,066B,BASAVAKALYANA,112,551
SCZ,Raichur,066C,GULBARGA-3 (CAB),30,164
SCZ,Raichur,066H,HARAPANAHALLI,78,378
SCZ,Raichur,066M,GULBARGA -2,85,453
SCZ,Raichur,066P,KOPPAL,118,645
SCZ,Raichur,066R,BELLARY-II,55,296
SCZ,Raichur,066V,MANVI,30,146
SCZ,"Rajahmund
ry",674,KAKINADA,79,417
SCZ,Rajahmund ry,675,AMALAPURAM,105,554
SCZ,Rajahmund ry,676,RAJAMUNDRY,30,160
SCZ,"Rajahmund
ry",678,RAMACHANDRAPURAM,60,322
SCZ,"Rajahmund
ry",681,ELURU I,77,404
SCZ,Rajahmund ry,682,TADEPALLIGUDEM,50,265
SCZ,Rajahmund ry,684,BHIMAVARAM,40,209
SCZ,Rajahmund ry,0694,TANUKU,70,373
SCZ,"Rajahmund
ry",0698,KOVVUR,60,319
SCZ,"Rajahmund
ry",6091,ELURU II,48,254
SCZ,Rajahmund ry,6092,GOKAVARAM,60,316
SCZ,Rajahmund ry,067B,PALAKOL,61,317
SCZ,Rajahmund ry,069D,TUNI,79,422
SCZ,"Rajahmund
ry",069F,PEDDAPURAM,30,155
SCZ,"Rajahmund
ry",069G,RAZOLE,50,264
SCZ,Rajahmund ry,069K,PITHAPURAM,49,256
SCZ,Rajahmund ry,069M,RAJAHMUNDRY(R),70,371
SCZ,Rajahmund ry,080A,JANGAREDDYGUDEM,60,320
SCZ,"Rajahmund
ry",080B,KAKINADA (CAB),20,104
SCZ,"Rajahmund
ry",080C,RAVULAPALEM,30,154
SCZ,Secundera bad,644,SECUNDERABAD CBO-4,47,241
SCZ,Secundera bad,647,NIZAMABAD,66,348
SCZ,"Secundera
bad",654,NALGONDA I,38,188
SCZ,"Secundera
bad",661,MEDAK,70,351
SCZ,Secundera bad,670,BHONGIR,74,360
SCZ,Secundera bad,6101,NALGONDA II,49,236
SCZ,"Secundera
bad",6102,CHOWTUPPAL,59,302
SCZ,"Secundera
bad",060A,BODHAN,49,261
SCZ,Secundera bad,060B,BALANAGAR CBO-20,50,258
SCZ,Secundera bad,060C,ZAHIRABAD,59,303
SCZ,Secundera bad,064A,MIRYALGUDU,69,340
SCZ,"Secundera
bad",064B,SECUNDERABAD X,10,47
SCZ,"Secundera
bad",064G,KAMAREDDY,69,355
SCZ,"Secundera
bad",064H,SURYAPET,70,348
SCZ,Secundera bad,064J,SECUNDERABAD CBO-8,38,182
SCZ,Secundera bad,064L,SANGAREDDY,69,347
SCZ,"Secundera
bad",064P,KODAD,128,665
SCZ,"Secundera
bad",064T,HABSIGUDA CBO-12,89,454
SCZ,Secundera bad,064X,ARMOOR,69,345
SCZ,Secundera bad,064Y,SECUNDERABAD CBO-14,58,281
SCZ,Secundera bad,073A,SIDDIPET,88,410
SCZ,"Secundera
bad",073E,DEVARAKONDA,77,407
SCZ,"Secundera
bad",073H,HYD-BHEL,39,193
SCZ,Shimoga,623,SAGAR,60,314
SCZ,Shimoga,625,SHIMOGA I,48,223
SCZ,Shimoga,627,DAVANGERE I,110,606
SCZ,Shimoga,0739,BHADRAWATHI,46,221
SCZ,Shimoga,0790,CHITRADURGA,97,533
SCZ,Shimoga,6111,CHANNAGIRI,39,197
SCZ,Shimoga,062A,HIRIYUR,108,559
SCZ,Shimoga,062D,DAVANGERE II,49,274
SCZ,Shimoga,062E,SHIMOGA II,50,234
SCZ,Shimoga,062F,THIRTHAHALLI,69,377
SCZ,Shimoga,062L,CHALLAKERE,58,292
SCZ,Shimoga,062N,HONNALI,78,385
SCZ,Shimoga,062S,SHIKARIPURA,58,286
SCZ,Shimoga,062X,HARIHAR,49,256
SCZ,Udupi,301,KUNDAPURA,89,442
SCZ,Udupi,307,KARKALA,60,319
SCZ,Udupi,621,MANGALORE I,60,338
SCZ,Udupi,624,UDUPI,60,331
SCZ,Udupi,626,CHIKMAGALUR,50,246
SCZ,Udupi,629,PUTTUR,80,450
SCZ,Udupi,695,MANGALORE II,50,267
SCZ,Udupi,0709,MANGALORE (CAB),19,107
SCZ,Udupi,6112,MUDIGERE,30,153
SCZ,Udupi,062B,BANTWAL,78,399
SCZ,Udupi,062H,UDUPI (DAB),20,111
SCZ,Udupi,062J,KOPPA,50,275
SCZ,Udupi,062K,KAUP,30,178
SCZ,Udupi,062M,MULKI,48,300
SCZ,Udupi,062R,TARIKERE,48,258
SCZ,Udupi,062T,KADUR,60,293
SCZ,Udupi,062W,BRAHMAVAR,40,188
SCZ,Visakhapat nam,671,VISHAKAPATNAM I,38,178
SCZ,"Visakhapat
nam",672,VIZIANAGARAM,136,629
SCZ,"Visakhapat
nam",673,SRIKAKULAM,222,1072
SCZ,Visakhapat nam,677,ANAKAPALLE,97,461
SCZ,Visakhapat nam,0710,VISHAKHAPATNAM III,40,183
SCZ,"Visakhapat
nam",0803,VISHAKHAPATNAM-4 (CAB),20,99
SCZ,"Visakhapat
nam",069A,VISHAKHAPATNAM II,64,323
SCZ,Visakhapat nam,069B,PARVATHIPURAM,182,879
SCZ,Visakhapat nam,069C,PALASA-KASIBUGGA,223,1060
SCZ,Visakhapat nam,069E,GAJUWAKA CBO,66,335
SCZ,"Visakhapat
nam",069H,SEETHAMMADHARA CBO,67,331
SCZ,"Visakhapat
nam",069J,RAJAM,147,703
SCZ,"Visakhapat
nam",069L,CHODAVARAM,119,549
SCZ,Visakhapat nam,069N,GARIVIDI,90,422
SCZ,Visakhapat nam,069P,VISHAKAPATNAM - V,50,234
SCZ,"Visakhapat
nam",069R,NARSIPATNAM,90,417
SCZ,"Visakhapat
nam",069S,SHIPYARD CBO,48,239
SCZ,Visakhapat nam,069T,SRUNGAVARAPUKOTA,126,611
SCZ,Visakhapat nam,069W,NARASANNAPETA,162,754
SCZ,Visakhapat nam,069Y,YELLAMANCHALLI,109,530
SCZ,Warangal,651,WARANGAL,79,449
SCZ,Warangal,653,KHAMMAM,120,662
SCZ,Warangal,664,HANAMKONDA,60,344
SCZ,Warangal,064D,KOTHAGUDEM,39,230
SCZ,Warangal,064M,MAHABUBABAD,70,375
SCZ,Warangal,064R,BHADRACHALAM,79,464
SCZ,Warangal,068A,JANGAON,59,325
SCZ,Warangal,068F,SATHUPALLY,70,396
SCZ,Warangal,068G,WARANGAL DBO,66,379
SCZ,Warangal,068H,PARKAL,90,535
SCZ,Warangal,068K,MADHIRA,50,291
SCZ,Warangal,068L,WARANGAL (CAB),10,60
SCZ,Warangal,068N,NARASAMPET,70,396
SZ,Chennai-I,0722,CHENNAI CBO-2,19,91
SZ,Chennai-I,0725,CHENNAI CBO-5,57,263
SZ,Chennai-I,0726,CHENNAI CBO-6,29,132
SZ,Chennai-I,0728,CHENNAI CBO-8,27,124
SZ,Chennai-I,0729,CHENNAI CBO-9,30,141
SZ,Chennai-I,0731,CHENNAI CBO 10,16,68
SZ,Chennai-I,0734,KANCHEEPURAM,81,379
SZ,Chennai-I,7126,MADURANTTHAKAM,40,192
SZ,Chennai-I,070N,CHENNAI CBO-23,30,138
SZ,Chennai-I,070R,CHENNAI CBO-25,40,190
SZ,Chennai-I,070S,CHENNAI CBO-26,25,122
SZ,Chennai-I,070W,CHENNAI CBO-28,57,261
SZ,Chennai-I,070X,CHENNAI CBO-29 (CAB),10,45
SZ,Chennai-I,070Z,CHENNAI CBO-30,49,236
SZ,Chennai-I,071A,TAMBARAM,148,686
SZ,Chennai-I,071B,CHENNAI CBO-14 (CAB),10,47
SZ,Chennai-I,071L,CHENNAI CBO-15,60,286
SZ,Chennai-I,071M,CHENNAI CBO-16,20,102
SZ,Chennai-I,071N,CHENNAI CBO-21,78,374
SZ,Chennai-I,071P,CHENGALPATTU,87,422
SZ,Chennai-I,071X,CHENNAI CBO-19,60,290
SZ,Chennai-II,697,CHENNAI CBO-13 (DAB),39,194
SZ,Chennai-II,717,CHENNAI CBO-1,10,46
SZ,Chennai-II,718,CHENNAI CBO-11,28,139
SZ,Chennai-II,719,TIRUVALLUR,68,325
SZ,Chennai-II,723,CHENNAI CBO-3,48,230
SZ,Chennai-II,724,CHENNAI CBO-4,49,236
SZ,Chennai-II,727,CHENNAI CBO-7,30,144
SZ,Chennai-II,0802,CHENNAI CBO-12 (CAB-I),20,97
SZ,Chennai-II,7151,GUMMIDIPOONDI,37,176
SZ,Chennai-II,070P,CHENNAI CBO-24 (CAB-II),29,137
SZ,Chennai-II,070T,TIRUTTANI,30,149
SZ,Chennai-II,070U,CHENNAI CBO-27,57,269
SZ,Chennai-II,071D,THIRUVOTRIYUR,71,341
SZ,Chennai-II,071F,PONNERI,78,373
SZ,Chennai-II,071G,AMBATTUR,74,356
SZ,Chennai-II,071S,ANNA NAGAR CBO-17,74,355
SZ,Chennai-II,071U,CHENNAI CBO-20,38,182
SZ,Chennai-II,071W,CHENNAI CBO-18,70,335
SZ,Chennai-II,071Z,CHENNAI CBO-22,35,158
SZ,Chennai-II,080N,POONAMALLEE,50,246
SZ,Chennai-II,080P,VILLIVAKKAM CBO-31,50,242
SZ,"Coimbator
e",620,METTUPALAYAM,37,174
SZ,"Coimbator
e",669,DHARAPURAM,50,224
SZ,Coimbator e,701,R.S.PURAM CBO,50,235
SZ,Coimbator e,704,COONOOR,30,142
SZ,"Coimbator
e",0760,TATABAD CBO (DAB),40,177
SZ,"Coimbator
e",0761,AVANASHI ROAD CBO,39,171
SZ,Coimbator e,0762,TIRUPUR,109,511
SZ,Coimbator e,0763,OOTACAMUND,48,223
SZ,"Coimbator
e",0764,ERODE I(NORTH),50,241
SZ,"Coimbator
e",0765,GOBICHETTYPALAYAM,60,287
SZ,Coimbator e,0769,POLLACHI-I,39,197
SZ,Coimbator e,0805,COIMBATORE-(N) (CAB),10,52
SZ,Coimbator e,7101,PERUNDURAI,60,279
SZ,"Coimbator
e",076B,UDUMALPET,40,206
SZ,"Coimbator
e",076C,ERODE II(SOUTH),36,181
SZ,"Coimbator
e",076D,BHAVANI,59,305
SZ,Coimbator e,076G,SULUR,40,207
SZ,Coimbator e,076H,SATHYAMANGALAM,50,259
SZ,"Coimbator
e",076J,SIVAGIRI,50,260
SZ,"Coimbator
e",076K,GUDALUR,20,102
SZ,Coimbator e,076L,SINGANALLUR CBO,50,253
SZ,Coimbator e,076P,KANGEYAM,30,154
SZ,Coimbator e,076V,PEELAMEDU CBO,50,255
SZ,"Coimbator
e",076W,AVANASHI,29,145
SZ,"Coimbator
e",076Y,PODANUR CBO,30,150
SZ,Coimbator e,076Z,POLLACHI II,30,151
SZ,Ernakulam,696,ERNAKULAM (CAB),10,50
SZ,Ernakulam,0781,ERNAKULAM-1,50,252
SZ,Ernakulam,0783,ALUVA,80,397
SZ,Ernakulam,0785,ALAPUZHA I,50,250
SZ,Ernakulam,0791,KOCHI,30,152
SZ,Ernakulam,0798,MUVATTUPUZHA,80,400
SZ,Ernakulam,7001,ANGAMALY,40,204
SZ,Ernakulam,7026,ALAPPUZHA II,50,255
SZ,Ernakulam,077G,KALOOR CBO,60,296
SZ,Ernakulam,077H,PERUMBAVOOR,40,206
SZ,Ernakulam,078A,TRIPUNITHURA,50,249
SZ,Ernakulam,078F,ERNAKULAM-II,40,199
SZ,Ernakulam,078M,NORTH PARAVUR,60,302
SZ,Ernakulam,078P,CHERTHALA,60,304
SZ,Kottayam,707,MUNDAKAYAM,40,231
SZ,Kottayam,720,PATHANAMTHITTA,60,324
SZ,Kottayam,0784,KOTTAYAM I,50,280
SZ,Kottayam,0793,CHENGANNUR,50,282
SZ,Kottayam,0794,CHANGANACHERRY,30,182
SZ,Kottayam,0795,PALA,40,220
SZ,Kottayam,0796,KAYAMKULAM,90,532
SZ,Kottayam,0797,VAIKOM,40,220
SZ,Kottayam,039A,RANNI,30,169
SZ,Kottayam,077D,ADIMALI,20,110
SZ,Kottayam,078D,NEDUMKANDAM,30,182
SZ,Kottayam,078J,ADOOR,40,231
SZ,Kottayam,078K,THIRUVALLA,60,337
SZ,Kottayam,078R,THODUPUZHA,30,168
SZ,Kottayam,078S,KOTTAYAM-3 (CAB),10,60
SZ,Kottayam,078T,VANDIPERIYAR,10,53
SZ,Kottayam,078V,KOTTAYAM II,30,178
SZ,Kottayam,078W,MAVELIKARA,50,293
SZ,Kozhikode,0770,VADAKARA,50,263
SZ,Kozhikode,0771,KOZHIKODE-I(CALICUT),30,170
SZ,Kozhikode,0772,KANNUR I,50,276
SZ,Kozhikode,0774,THALASSERY,60,328
SZ,Kozhikode,0776,MANJERI,50,295
SZ,Kozhikode,0777,KASARGOD,100,521
SZ,Kozhikode,0778,PAYYANUR,70,381
SZ,Kozhikode,0779,THIRUR,70,412
SZ,Kozhikode,0807,KOZHIKODE II(CALICUT),29,153
SZ,Kozhikode,7051,THALASSERY II,70,369
SZ,Kozhikode,079A,KOZHIKODE-III(CALICUT),60,354
SZ,Kozhikode,079B,KALPETTA,20,120
SZ,Kozhikode,079C,TALIPARAMBA,100,584
SZ,Kozhikode,079D,CALICUT (CAB),10,54
SZ,Kozhikode,079E,KANHANGAD,40,232
SZ,Kozhikode,079F,KOYILANDY,60,323
SZ,Kozhikode,079G,PERINTALMANNA,20,110
SZ,Kozhikode,079K,SULTAN'S BATTERY,20,120
SZ,Kozhikode,079M,MATTANUR,90,517
SZ,Kozhikode,079N,THAMARASSERRY,30,179
SZ,Kozhikode,079P,NILAMBUR,40,216
SZ,Kozhikode,079R,KANNUR II,90,523
SZ,Kozhikode,079S,RAMANATTUKARA,40,238
SZ,Kozhikode,079T,PERAMBRA,40,212
SZ,Kozhikode,079V,NILESWAR,40,215
SZ,Madurai,600,MADURAI (CAB),29,135
SZ,Madurai,668,MADURAI III,40,187
SZ,Madurai,747,KARAIKUDI,68,321
SZ,Madurai,748,MADURAI I,37,174
SZ,Madurai,749,DINDIGUL I,86,420
SZ,Madurai,750,RAJAPALAYAM,40,192
SZ,Madurai,751,VIRUDHUNAGAR,39,187
SZ,Madurai,752,MADURAI II,49,241
SZ,Madurai,758,PARAMAKUDI,88,406
SZ,Madurai,759,PERIYAKULAM,67,313
SZ,Madurai,7176,DEVAKOTTAI,65,307
SZ,Madurai,074A,RAMANATHANPURAM,101,479
SZ,Madurai,074C,PALANI,59,284
SZ,Madurai,074D,UTHAMAPALAYAM,48,229
SZ,Madurai,074F,SIVAKASI,40,188
SZ,Madurai,074J,SIVAGANGAI,78,373
SZ,Madurai,074K,SRIVILLIPUTHUR,39,189
SZ,Madurai,074L,MADURAI-TALLAKULAM,64,299
SZ,Madurai,074M,TIRUNAGAR,77,353
SZ,Madurai,074N,ARUPPUKOTTAI,39,176
SZ,Madurai,074R,DINDIGUL II,65,306
SZ,Madurai,074T,VATHALAKUNDU,59,269
SZ,Madurai,074W,MADURAI IV,48,232
SZ,Madurai,074X,SATTUR,30,138
SZ,Madurai,074Z,TIRUPATHUR,45,207
SZ,Salem,702,KRISHNAGIRI,79,435
SZ,Salem,703,ATTUR,72,391
SZ,Salem,705,TIRUCHENGODE,52,279
SZ,Salem,766,SALEM (SOUTH),58,318
SZ,Salem,767,DHARMAPURI,59,309
SZ,Salem,768,NAMAKKAL,80,435
SZ,Salem,7201,PALACODE,18,91
SZ,Salem,070A,OMALUR,50,275
SZ,Salem,070B,SALEM (CAB),20,111
SZ,Salem,070C,KOMARAPALAYAM,29,159
SZ,Salem,076A,SALEM (NORTH),40,214
SZ,Salem,076E,METTUR DAM,50,267
SZ,Salem,076F,RASIPURAM,28,149
SZ,Salem,076M,PARMATHIVELUR,40,221
SZ,Salem,076N,HOSUR,67,367
SZ,Salem,076R,SANKARI,47,258
SZ,Salem,076T,HARUR,50,272
SZ,Salem,076X,SALEM (EAST),50,272
SZ,Thanjavur,302,MANNARGUDI,50,239
SZ,Thanjavur,665,TRICHY II ROCK FORT,40,186
SZ,Thanjavur,740,PATTUKOTTAI,57,272
SZ,Thanjavur,741,THANJAVUR,88,408
SZ,Thanjavur,742,KUMBAKONAM I,50,255
SZ,Thanjavur,743,NAGAPATTINAM,30,152
SZ,Thanjavur,744,MAYILADUTHURAI,58,292
SZ,Thanjavur,745,TRICHY I,68,348
SZ,Thanjavur,746,KARUR I,48,247
SZ,Thanjavur,756,PUDUKOTTAI,84,427
SZ,Thanjavur,757,ARIYALUR,76,395
SZ,Thanjavur,0809,TRICHY (CAB),20,102
SZ,Thanjavur,7226,SIRKALI,30,133
SZ,Thanjavur,075A,TRICHY CANTONMENT (DAB),20,102
SZ,Thanjavur,075B,KULITHALAI,70,354
SZ,Thanjavur,075C,THURAIYUR,76,391
SZ,Thanjavur,075D,THIRUVARUR,70,355
SZ,Thanjavur,075E,ARANTHANGI,37,191
SZ,Thanjavur,075F,SRIRANGAM,68,345
SZ,Thanjavur,075G,THIRUTTURAIPOONDI,70,356
SZ,Thanjavur,075H,KUMBAKONAM II,49,246
SZ,Thanjavur,075J,PERAMBALUR,78,403
SZ,Thanjavur,075M,KEERANUR,39,198
SZ,Thanjavur,075N,THANJAVUR(CAB),20,101
SZ,Thanjavur,075P,THIRUVERUMBUR,20,102
SZ,Thanjavur,075R,KARUR II,30,154
SZ,Thanjavur,075S,KARAIKAL,30,151
SZ,Thrissur,700,PALAKKAD-II,40,186
SZ,Thrissur,708,CHALAKUDY,70,338
SZ,Thrissur,773,PALAKKAD-I,60,287
SZ,Thrissur,775,OTTAPALAM,80,364
SZ,Thrissur,782,THRISSUR-I,90,415
SZ,Thrissur,792,IRINJALAKUDA,90,416
SZ,Thrissur,799,KUNNAMKULAM,120,554
SZ,Thrissur,7002,ALATHUR,50,249
SZ,Thrissur,077A,MANNARKKAD,20,94
SZ,Thrissur,077B,WADAKKANCHERRY,40,181
SZ,Thrissur,077C,CHITTUR,60,284
SZ,Thrissur,077E,THRISSUR-II,90,418
SZ,Thrissur,077J,KONDUNGALLUR,60,289
SZ,Tirunelveli,300,KUZHITHURAI,86,491
SZ,Tirunelveli,666,TENKASI,63,358
SZ,Tirunelveli,667,KOVILPATTI,53,300
SZ,Tirunelveli,753,TIRUNELVELI I,44,246
SZ,Tirunelveli,754,NAGERCOIL I,38,223
SZ,Tirunelveli,755,TUTICORIN,69,402
SZ,Tirunelveli,7251,NAGERCOIL II,69,395
SZ,Tirunelveli,032A,SRIVAIKUNTAM,10,58
SZ,Tirunelveli,032B,CHERANMAHADEVI,38,212
SZ,Tirunelveli,074B,TIRUCHENDUR,30,165
SZ,Tirunelveli,074E,AMBASAMUDRAM,21,122
SZ,Tirunelveli,074G,VALLIOOR,88,494
SZ,Tirunelveli,074H,SANKARANKOVIL,50,291
SZ,Tirunelveli,074P,TIRUNELVELI II,30,174
SZ,Tirunelveli,074S,THUCKALAY,97,534
SZ,Tirunelveli,074U,TRIUNELVELI (CAB),16,88
SZ,Trivandrum,786,TRIVANDRUM -1,30,178
SZ,Trivandrum,787,KOLLAM I,70,423
SZ,Trivandrum,788,TRIVANDRUM -2,30,176
SZ,Trivandrum,789,PUNALUR,40,213
SZ,Trivandrum,7076,KILIMANUR,40,224
SZ,Trivandrum,078B,TRIVANDRUM -3,30,170
SZ,Trivandrum,078C,TRIVANDRUM -4 (CAB),20,117
SZ,Trivandrum,078E,ATTINGAL,50,297
SZ,Trivandrum,078G,NEYYATTINKARA,100,593
SZ,Trivandrum,078H,KOTTARAKKARA,90,542
SZ,Trivandrum,078L,KOLLAM II,30,162
SZ,Trivandrum,078N,NEDUMANGAD,50,263
SZ,Trivandrum,078Q,TRIVANDRUM -5,20,120
SZ,Trivandrum,078U,CHATHANNUR,40,245
SZ,Trivandrum,078Y,KARUNAGAPPALLY,70,408
SZ,Vellore,732,TIRUVANNAMALAI,116,559
SZ,Vellore,733,VELLORE,55,264
SZ,Vellore,735,RANIPET,48,235
SZ,Vellore,736,CHIDAMBARAM,57,275
SZ,Vellore,737,CUDDALORE,66,308
SZ,Vellore,738,PONDICHERRY,68,317
SZ,Vellore,7276,POLUR,37,178
SZ,Vellore,7277,CHEYYAR,75,362
SZ,Vellore,071C,VANIYAMBADI,50,243
SZ,Vellore,071E,NEYVELI,39,187
SZ,Vellore,071H,VILLUPURAM,60,297
SZ,Vellore,071K,KALLAKURICHI,88,417
SZ,Vellore,071Q,KATPADI,49,227
SZ,Vellore,071R,ARAKONAM,43,199
SZ,Vellore,071T,GUDIYATTAM,48,231
SZ,Vellore,071Y,TINDIVANAM,54,262
SZ,Vellore,073N,ARNI,26,118
SZ,Vellore,073P,PANRUTI,56,272
SZ,Vellore,073R,VIRUDHACHALAM,106,496
SZ,Vellore,073S,PONDICHERRY (CAB),70,337
SZ,Vellore,073T,TIRUPATTUR,41,209
SZ,Vellore,073V,TIRUKOILUR,77,372
WZ,Ahmedaba d,0836,AHMEDABAD CBO-1,29,107
WZ,"Ahmedaba
d",0837,AHMEDABAD CBO-2,48,180
WZ,"Ahmedaba
d",0838,AHMEDABAD CBO-3,40,148
WZ,Ahmedabad,0839,AHMEDABAD CBO-7,30,116
WZ,"Ahmedaba
d",0840,AHMEDABAD CBO-9,39,145
WZ,"Ahmedaba
d",0841,AHMEDABAD CBO-4,29,110
WZ,"Ahmedaba
d",0842,AHMEDABAD CBO-5,39,147
WZ,Ahmedaba d,0843,AHMEDABAD CBO-6,28,106
WZ,Ahmedaba d,0850,AHMEDABAD CBO-8,30,108
WZ,Ahmedaba d,0852,AHMEDABAD CBO-10,40,141
WZ,"Ahmedaba
d",0853,AHMEDABAD (JEEVAN-JYOTI) (CAB),19,71
WZ,"Ahmedaba
d",0854,AHMEDABAD CBO-11,30,110
WZ,Ahmedaba d,0856,AHMEDABAD CBO-12,39,146
WZ,Ahmedaba d,0857,AHMEDABAD CBO-13,40,150
WZ,"Ahmedaba
d",0873,AHMEDABAD DBO,39,144
WZ,"Ahmedaba
d",8001,ISANPUR,49,181
WZ,"Ahmedaba
d",083M,RAKHIAL,40,148
WZ,Ahmedaba d,083N,VASNA,20,75
WZ,Ahmedaba d,083P,ODHAV,60,220
WZ,"Ahmedaba
d",083Q,BAVLA,38,151
WZ,"Ahmedaba
d",083S,DEHGAM,40,158
WZ,"Ahmedaba
d",083T,NARANPURA(CBO),65,239
WZ,Ahmedaba d,083U,NARODA,84,321
WZ,Ahmedaba d,083X,VASTRAPUR,19,70
WZ,"Ahmedaba
d",083Y,ASARWA(CB0),20,74
WZ,"Ahmedaba
d",083Z,AHMEDABAD CBO-14,38,145
WZ,"Ahmedaba
d",084A,VIRAMGAM,20,74
WZ,Ahmedaba d,084B,DHANDHUKA,20,76
WZ,"Ahmedaba
d",084C,SANAND,30,115
WZ,"Ahmedaba
d",084D,SABARMATI,30,110
WZ,Amravati,0977,AKOLA-I,68,335
WZ,Amravati,0978,KHAMGAON,80,388
WZ,Amravati,0979,AMRAVATI-I,69,351
WZ,Amravati,0991,YAVATMAL-I,40,191
WZ,Amravati,0994,WASHIM,70,327
WZ,Amravati,0996,ACHALPUR,57,282
WZ,Amravati,9151,MEHKAR,50,215
WZ,Amravati,9152,AMRAVATI (CAB),10,54
WZ,Amravati,082A,AKOLA-II,49,231
WZ,Amravati,082B,MALKAPUR,38,191
WZ,Amravati,082C,AMRAVATI-II,50,246
WZ,Amravati,082D,DIGRAS,45,234
WZ,Amravati,082E,YAVATMAL-II,50,245
WZ,Amravati,097B,BULDHANA,107,511
WZ,Amravati,097H,DHAMANGAON,38,180
WZ,Amravati,099A,PUSAD,59,267
WZ,Amravati,099C,AKOT,30,137
WZ,Amravati,099K,WANI,83,403
WZ,Amravati,099L,WARUD,39,178
WZ,"Aurangaba
d",0945,LATUR-I,138,704
WZ,"Aurangaba
d",0946,OSMANABAD,135,683
WZ,"Aurangaba
d",0982,AURANGABAD CBO-1,147,739
WZ,Aurangaba d,0983,BEED,163,833
WZ,Aurangaba d,094H,UDGIR,109,592
WZ,"Aurangaba
d",095E,AMBEJOGAI,107,543
WZ,"Aurangaba
d",095F,VAIJAPUR,72,365
WZ,"Aurangaba
d",095J,AURANGABAD CBO-2,63,317
WZ,Aurangaba d,098A,KALLAM,70,351
WZ,Aurangaba d,098C,NILANGA,79,403
WZ,"Aurangaba
d",098D,CHIKHALTHANA (CIDCO) CBO-3,54,270
WZ,"Aurangaba
d",098E,SILLOD,49,247
WZ,Aurangaba d,098F,AHMEDPUR,69,350
WZ,Aurangaba d,098G,GULMANDI CBO-4,95,491
WZ,Aurangaba d,098H,LATUR-II,60,300
WZ,"Aurangaba
d",098K,AURANGABAD CBO-2 (CAB),17,84
WZ,"Aurangaba
d",098M,MAJALGAON,59,296
WZ,Bhavnagar,813,SURENDRANAGAR,69,370
WZ,Bhavnagar,816,BHAVNAGAR CBO-1,39,201
WZ,Bhavnagar,817,AMRELI,40,208
WZ,Bhavnagar,829,BHAVNAGAR CBO-2,58,309
WZ,Bhavnagar,8101,CHITRA,30,163
WZ,Bhavnagar,8102,LIMBDI,20,106
WZ,Bhavnagar,081A,DHRANGADHRA,30,159
WZ,Bhavnagar,081H,BOTAD,50,258
WZ,Bhavnagar,081M,MAHUVA,48,260
WZ,Bhavnagar,081R,SIHOR,10,53
WZ,Bhavnagar,081T,SAVARKUNDLA,20,108
WZ,Gandhinag ar,831,MEHSANA,88,419
WZ,Gandhinag ar,832,KALOL,60,295
WZ,Gandhinag ar,833,HIMATNAGAR,79,385
WZ,"Gandhinag
ar",834,PALANPUR-I,108,540
WZ,"Gandhinag
ar",844,MODASA,59,299
WZ,"Gandhinag
ar",849,PATAN,40,204
WZ,Gandhinag ar,851,DEESA,109,509
WZ,Gandhinag ar,858,IDAR,110,547
WZ,"Gandhinag
ar",859,VIJAPUR,60,284
WZ,"Gandhinag
ar",8026,DHANERA,171,819
WZ,Gandhinag ar,083B,GANDHINAGAR CBO,63,293
WZ,Gandhinag ar,083C,SIDDHPUR,40,190
WZ,Gandhinag ar,083E,VISNAGAR,59,289
WZ,"Gandhinag
ar",083H,KADI,40,188
WZ,"Gandhinag
ar",083J,PRANTIJ,50,236
WZ,"Gandhinag
ar",083K,DHANSURA,58,292
WZ,Gandhinag ar,083R,VADNAGAR,50,238
WZ,Gandhinag ar,083V,UNJHA,49,239
WZ,"Gandhinag
ar",083W,RADHANPUR,59,281
WZ,"Gandhinag
ar",085A,KHEDBRAHMA,68,338
WZ,Gandhinag ar,085B,MANSA,37,187
WZ,Gandhinag ar,085C,BHILODA,50,241
WZ,Gandhinag ar,085D,PALANPUR-II,87,434
WZ,"Gandhinag
ar",085E,CHANASMA,39,197
WZ,"Gandhinag
ar",085G,CHANDKHEDA,40,184
WZ,Goa,0998,PANAJI I,29,149
WZ,Goa,0999,MARGAO-I,59,304
WZ,Goa,091E,VASCO-DA-GAMA,30,158
WZ,Goa,091F,MAPUCA,50,249
WZ,Goa,093A,PONDA,40,202
WZ,Goa,093B,BICHOLIM,60,315
WZ,Goa,093C,CURCHOREM,48,260
WZ,Goa,093K,CANCONA,20,108
WZ,Goa,093M,MARGAO-II,60,321
WZ,Goa,093N,PERNEM,36,188
WZ,Goa,093P,PANAJI II,20,106
WZ,Kolhapur,827,MALVAN,30,114
WZ,Kolhapur,0947,KOLHAPUR-I,70,274
WZ,Kolhapur,0948,RATNAGIRI,40,146
WZ,Kolhapur,0949,KOLHAPUR-II,60,213
WZ,Kolhapur,9251,MURGUD,90,346
WZ,Kolhapur,9252,KOLHAPUR (CAB),10,40
WZ,Kolhapur,089N,ICHALKARANJI-II,40,147
WZ,Kolhapur,089P,WARNANAGAR,48,191
WZ,Kolhapur,094A,ICHALKARANJI-I,67,257
WZ,Kolhapur,094D,CHIPLUN,60,231
WZ,Kolhapur,094E,KUDAL,60,230
WZ,Kolhapur,094F,GADHINGLAJ,100,384
WZ,Kolhapur,094L,KOLHAPUR-III,40,148
WZ,Kolhapur,094M,JAYSINGPUR,30,112
WZ,Kolhapur,094P,DAPOLI,40,163
WZ,Kolhapur,094Q,KANKAVLI,30,113
WZ,Kolhapur,094R,RAJAPUR,20,76
WZ,Kolhapur,094S,KOLHAPUR-IV,68,254
WZ,MDO IV,880,FORT (LAXMI INSC BLDG-P.M.ROAD) CBO,40,170
WZ,MDO IV,881,FORT (B.M.TERRACE- D.N.ROAD) CBO,30,140
WZ,MDO IV,884,FORT (B.M.T.-D.N.ROAD) CBO (DAB),19,94
WZ,MDO IV,0895,FORT (U INSC BLD-P.M.RD.) CBO (DAB),20,96
WZ,MDO IV,0896,FORT (B.M.ANNEXE-GUNBOW ST.) CBO,20,98
WZ,MDO IV,0898,FORT (JEEVAN VIHAR-B.S.MARG) CBO,10,52
WZ,MDO IV,0899,FORT (JEEVAN VIHAR-B.S.MARG) CBO,19,95
WZ,MDO IV,0902,FORT (WESTN IND HOUSE-P.M.ROAD) CBO,48,224
WZ,MDO IV,0906,FORT (UNITED IND BLDG-P.M.ROAD) CBO,10,48
WZ,MDO IV,0908,FORT (B.M.BLDG-P.M.ROAD) CBO,20,94
WZ,MDO IV,0912,FORT (ASIAN BLDG-R.K.MARG) CBO,29,139
WZ,MDO IV,0915,FORT (JEEVAN PRAKASH-P.M.ROAD) CBO,29,137
WZ,MDO IV,0919,FORT (JEEVAN PRAKASH-P.M.ROAD) CBO,40,191
WZ,MDO IV,0923,FORT (JEEVAN PRAKASH-P.M.ROAD) CBO,39,193
WZ,MDO IV,0925,FORT (JEEVAN PRAKASH-P.M.ROAD) CBO,55,267
WZ,MDO IV,090A,FORT (UNITED IND BLDG-P.M.ROAD) CBO,40,190
WZ,MDO IV,090C,FORT (P.M.ROAD) CBO,30,150
WZ,MDO IV,090H,FORT (JEEVAN VIHAR-B.S.MARG) CBO,20,92
WZ,MDOI,883,NARIMANPOINT (YOGAKSHEMA) CBO (DAB),20,81
WZ,MDOI,0901,FORT (ORIENTAL BLDG) CBO,19,88
WZ,MDOI,0904,NARIMANPOINT (YOGAKSHEMA) CBO,29,133
WZ,MDOI,0905,FORT (GULESTAN BLDG-M.D.RD) CBO,40,178
WZ,MDOI,0907,FORT (NATIONAL INSC.BLDG) CBO,19,88
WZ,MDOI,0909,SANDHURST BRIDGE (B.M.T) CBO,20,93
WZ,MDOI,0911,CHURCHGATE(INDTRL AS BLD) CBO (DAB),10,42
WZ,MDOI,0913,FORT (JIVAN UDYOG-D.N.ROAD) CBO,46,207
WZ,MDOI,0914,FORT  (JIVAN UDYOG-D.N.ROAD) CBO,30,135
WZ,MDOI,0916,FORT (CANADA BLDG-D.N.ROAD) CBO,40,174
WZ,MDOI,0918,SANDHURST BRIDGE (BMT) CBO,56,242
WZ,MDOI,0921,FORT (GULESTAN BLDG-M.D.ROAD) CBO,30,135
WZ,MDOI,0922,FORT (ORIENTAL BLDG-M.G.ROAD) CBO,20,93
WZ,MDOI,0927,FORT (GULESTAN BLDG-M.D.ROAD) CBO,29,139
WZ,MDOI,0929,SANDHURST BRIDGE (BMT) CBO,20,93
WZ,MDOI,0931,FORT (ORIENTAL BLDG-M.G.ROAD) CBO,20,90
WZ,MDO-II,889,VIKHROLI-2 (L.B.S.MARG) CBO,20,86
WZ,MDO-II,892,KURLA(W) CBO,48,249
WZ,MDO-II,894,MULUND-I(W) CBO,48,226
WZ,MDO-II,897,DADAR(W)(T.P.ROAD) CBO,30,133
WZ,MDO-II,903,BYCULLA (KALACHOWKI) CBO,39,182
WZ,MDO-II,0928,GHATKOPAR(E)-I CBO,40,171
WZ,MDO-II,0937,DADAR T.T. CBO,19,86
WZ,MDO-II,0938,DADAR WEST(G.RD) CBO,20,103
WZ,MDO-II,0939,CHEMBUR CBO,49,215
WZ,MDO-II,088A,MULUND-II (W) CBO,30,136
WZ,MDO-II,088C,GHATKOPAR(W)-1 CBO,56,262
WZ,MDO-II,088E,GHATKOPAR (E)-2 CBO,20,91
WZ,MDO-II,088G,MAHIM(E) CBO,20,94
WZ,MDO-II,088H,SEWREE CBO,20,88
WZ,MDO-II,088J,DADAR(W) CBO,30,136
WZ,MDO-II,088K,VIKHROLI(W)-1 CBO,30,145
WZ,MDO-II,088M,MULUND-III (W) CBO,40,180
WZ,MDO-II,088Q,GOVANDI CBO,10,43
WZ,MDO-II,091R,BHANDUP CBO,39,171
WZ,MDO-II,091T,MAHALAXMI (BYCULLA) CBO,20,83
WZ,Mumbai DO III,886,SANTACRUZ(W) CBO,30,172
WZ,"Mumbai
DO III",887,SANTACRUZ(W) CBO,70,379
WZ,"Mumbai
DO III",888,GOREGAON(E) CBO,19,106
WZ,Mumbai DO III,890,MALAD(W) CBO,40,213
WZ,"Mumbai
DO III",891,KANDIVLI(E)  CBO,66,365
WZ,"Mumbai
DO III",893,SANTACURZ(W) CBO,39,219
WZ,"Mumbai
DO III",0924,ANDHERI(W) CBO,61,339
WZ,Mumbai DO III,0926,BANDRA(W) CBO,24,127
WZ,Mumbai DO III,0935,BORIVLI-I(W) CBO,69,370
WZ,Mumbai DO III,9051,MALAD CBO (CAB),10,50
WZ,"Mumbai
DO III",089A,JOGESHWARI (E)-2 CBO,30,178
WZ,"Mumbai
DO III",089C,BORIVLI-II (W) CBO,50,272
WZ,Mumbai DO III,089E,GOREGAON (WEST) CBO,30,171
WZ,Mumbai DO III,089F,JOGESHWARI (E) CBO,70,380
WZ,"Mumbai
DO III",089G,ANDHERI(EAST) CBO,40,218
WZ,"Mumbai
DO III",089H,GOREGAON (W) CBO,30,170
WZ,"Mumbai
DO III",091C,SANTACRUZ(W) CBO,39,225
WZ,Mumbai DO III,091Q,JOGESHWARI-I(E) CBO,39,229
WZ,Mumbai DO III,091V,BORIVALI(W) CBO,70,398
WZ,Nadiad,845,ANAND-I,29,110
WZ,Nadiad,846,NADIAD-I,49,184
WZ,Nadiad,847,CAMBAY,30,118
WZ,Nadiad,848,GODHRA,68,266
WZ,Nadiad,855,THASRA,20,77
WZ,Nadiad,872,KAPADWANJ,20,76
WZ,Nadiad,877,PETLAD,30,115
WZ,Nadiad,878,DAHOD,30,118
WZ,Nadiad,8151,BALASINOR,28,109
WZ,Nadiad,083A,ANAND-II,30,113
WZ,Nadiad,083G,NADIAD-II,39,153
WZ,Nadiad,083I,BORSAD,30,117
WZ,Nadiad,083L,LUNAWADA,60,225
WZ,Nadiad,087E,HALOL,20,77
WZ,Nadiad,087G,UMRETH,20,79
WZ,Nadiad,087H,SANTRAMPUR,30,114
WZ,Nadiad,087I,KHEDA,40,155
WZ,Nadiad,087K,LIMKHEDA,40,159
WZ,Nagpur,0970,NAGPUR CBO,159,772
WZ,Nagpur,0971,NAGPUR DBO,120,580
WZ,Nagpur,0972,DHANTOLI CBO,80,356
WZ,Nagpur,0973,SADAR CBO,68,310
WZ,Nagpur,0974,WARDHA,126,603
WZ,Nagpur,0975,CHANDRAPUR,106,492
WZ,Nagpur,0976,GONDIA,276,1239
WZ,Nagpur,0990,NAGPUR CBO (CAB),30,134
WZ,Nagpur,0993,NAGPUR (ORIENTAL BLDG) CBO,78,379
WZ,Nagpur,9126,TUMSAR,197,903
WZ,Nagpur,097A,BHANDARA,148,653
WZ,Nagpur,097C,GADCHIROLI,161,723
WZ,Nagpur,097D,SAKOLI,136,640
WZ,Nagpur,097E,SAONER,50,219
WZ,Nagpur,097F,NAGPUR SOUTH CBO,90,414
WZ,Nagpur,099B,WARORA,79,367
WZ,Nagpur,099D,BALLARPUR,100,466
WZ,Nagpur,099E,KATOL,50,233
WZ,Nagpur,099F,NAGPUR (EAST) CBO,90,434
WZ,Nagpur,099G,NAGPUR(WEST) CBO,85,389
WZ,Nagpur,099H,BRAHMAPURI,109,476
WZ,Nagpur,099M,ARVI,40,184
WZ,Nagpur,099N,RAMTEK,58,273
WZ,Nagpur,099R,UMRER,90,403
WZ,Nagpur,099S,HINGANGHAT,69,313
WZ,Nagpur,099V,CHANDRAPUR BR II,70,317
WZ,Nanded,0984,NANDED-I,120,618
WZ,Nanded,0985,PARBHANI,107,546
WZ,Nanded,0986,JALNA,110,573
WZ,Nanded,9301,SAILU,40,206
WZ,Nanded,095D,DEGLOOR,58,296
WZ,Nanded,095H,HINGOLI,117,599
WZ,Nanded,098B,BHOKAR,88,448
WZ,Nanded,098J,NANDED-II,90,465
WZ,Nashik,0961,NASHIK CBO-1,77,394
WZ,Nashik,0962,NASHIK CBO-2,70,322
WZ,Nashik,0963,MALEGAON,89,424
WZ,Nashik,0964,NASHIK CBO-4 (CAB),30,138
WZ,Nashik,0965,BHUSAWAL,39,172
WZ,Nashik,0966,JALGAON-I,69,317
WZ,Nashik,0967,AMALNER,69,318
WZ,Nashik,0968,DHULE-I,97,476
WZ,Nashik,0969,NANDURBAR,56,263
WZ,Nashik,9176,NASHIK CBO-5 (AMBAD),69,322
WZ,Nashik,096A,SAVDA,29,144
WZ,Nashik,096B,CHALISGAON,69,349
WZ,Nashik,096C,PIMPALGAON(BASWANT),50,223
WZ,Nashik,096D,NASHIK CBO-3,59,288
WZ,Nashik,096E,DONDAICHA,77,375
WZ,Nashik,096F,MANMAD,39,186
WZ,Nashik,096G,SHAHADA,29,139
WZ,Nashik,096H,CHOPDA,28,134
WZ,Nashik,096J,JALGAON-II,31,127
WZ,Nashik,096K,DHULE-II,50,237
WZ,Pune 1,953,PUNE CAMP CBO,50,258
WZ,Pune 1,954,AHMEDNAGAR-I,60,284
WZ,Pune 1,956,PUNE CAMP CBO,30,146
WZ,Pune 1,957,RAJGURUNAGAR,67,346
WZ,Pune 1,959,SHRIRAMPUR,69,353
WZ,Pune 1,0987,SHIVAJI NAGAR CBO,39,197
WZ,Pune 1,9201,NARAYANGAON,60,294
WZ,Pune 1,095B,CHINCHWAD,57,273
WZ,Pune 1,095C,LONAVLA,48,228
WZ,Pune 1,095G,KOPARGAON,60,303
WZ,Pune 1,095N,SANGAMNER,60,300
WZ,Pune 1,095P,SHEVGAON,50,239
WZ,Pune 1,095Q,NIGDI CBO,50,263
WZ,Pune 1,095T,SHRIGONDA,49,249
WZ,Pune 1,095V,PIMPRI,56,273
WZ,Pune 1,095X,AHMEDNAGAR-II,70,331
WZ,Pune 1,095Y,YERWADA CBO,49,241
WZ,Pune II,825,BARSHI,59,318
WZ,Pune II,944,SOLAPUR -1,69,380
WZ,Pune II,951,PUNE (UNIVERSITY ROAD) CBO,39,218
WZ,Pune II,952,PUNE (LAXMI ROAD) CBO,50,275
WZ,Pune II,955,PUNE (N.C.KELKAR ROAD) CBO,64,364
WZ,Pune II,958,BARAMATI,50,283
WZ,Pune II,0988,PUNE CBO (CAB-1),20,117
WZ,Pune II,9202,DAUND,30,167
WZ,Pune II,9215,PUNE CBO (CAB-2),20,112
WZ,Pune II,094B,SOLAPUR -2,49,264
WZ,Pune II,094C,PANDHARPUR,100,559
WZ,Pune II,095A,PUNE (UNIVERSITY ROAD) CBO,20,114
WZ,Pune II,095K,KOTHRUD(KARVE ROAD),60,334
WZ,Pune II,095L,PUNE (SATARA ROAD) CBO,39,223
WZ,Pune II,095M,HADAPSAR CBO,48,268
WZ,Pune II,095R,SOLAPUR -3,68,370
WZ,Rajkot,810,RAJKOT CBO-3,40,188
WZ,Rajkot,811,RAJKOT CBO-1,28,130
WZ,Rajkot,812,MORBI,30,133
WZ,Rajkot,814,JAMNAGAR CBO-I,30,140
WZ,Rajkot,815,JAM-KHAMBALIYA,29,130
WZ,Rajkot,818,JUNAGADH-I,30,141
WZ,Rajkot,819,PORBANDAR,20,88
WZ,Rajkot,821,BHUJ,29,137
WZ,Rajkot,822,JETPUR,30,141
WZ,Rajkot,828,VERAVAL,30,140
WZ,Rajkot,8076,UNA,39,187
WZ,Rajkot,8077,JUNAGADH II,10,52
WZ,Rajkot,081B,RAJKOT CBO-2,40,185
WZ,Rajkot,081C,GANDHIDHAM,50,236
WZ,Rajkot,081D,JAMNAGAR CBO-II,10,42
WZ,Rajkot,081E,DHORAJI,10,43
WZ,Rajkot,081G,GONDAL,40,177
WZ,Rajkot,081K,KESHOD,30,134
WZ,Rajkot,081P,JAMNAGAR CBO-III,30,137
WZ,Rajkot,081W,RAJKOT CBO-4,30,136
WZ,Satara,823,TASGAON,50,261
WZ,Satara,941,SATARA I,60,288
WZ,Satara,942,SANGLI-I,40,205
WZ,Satara,943,KARAD,100,473
WZ,Satara,9226,WAI,50,261
WZ,Satara,094G,MIRAJ,40,183
WZ,Satara,094K,PHALTAN,70,356
WZ,Satara,094N,VITA,70,349
WZ,Satara,094T,SATARA II,40,210
WZ,Satara,094U,SANGLI-II,40,211
WZ,Satara,094V,ISLAMPUR,90,457
WZ,Satara,094W,VADUJ,50,248
WZ,Satara,094X,JATH,40,215
WZ,Surat,860,SURAT CBO-4,39,209
WZ,Surat,861,SURAT CBO-1,49,268
WZ,Surat,862,SURAT CBO-3,50,241
WZ,Surat,863,SURAT CBO-2,40,217
WZ,Surat,864,BARDOLI,40,200
WZ,Surat,865,NAVSARI I,28,148
WZ,Surat,866,BILIMORA,30,160
WZ,Surat,867,VALSAD-I,40,189
WZ,Surat,868,VAPI,123,573
WZ,Surat,870,NANPURA CBO-10,40,207
WZ,Surat,086A,UDHANA CBO-5,80,405
WZ,Surat,086C,VYARA,40,193
WZ,Surat,086E,VARACHHA CBO-6,45,228
WZ,Surat,086F,TIMALIAWAD CBO-7,29,142
WZ,Surat,086G,RANDER CBO-8,60,284
WZ,Surat,086H,KATARGAM CBO-9,90,450
WZ,Surat,086K,CHIKHLI,50,251
WZ,Surat,086M,PANDESARA CBO-11,40,209
WZ,Surat,086N,NAVSARI II,30,171
WZ,Surat,086P,VALSAD II,40,199
WZ,Surat,086R,OLD SURAT CBO-12,60,314
WZ,Thane,917,ULHASNAGAR-I,59,281
WZ,Thane,932,DAHANU,40,189
WZ,Thane,933,THANE (NAUPADA) CBO,70,341
WZ,Thane,934,KALYAN-I,77,360
WZ,Thane,936,PEN,48,233
WZ,Thane,9276,DOMBIVLI (CAB),10,52
WZ,Thane,091G,DOMBIVLI(E),39,177
WZ,Thane,091H,MAHAD,49,227
WZ,Thane,091J,THANE (GHANTALI) CBO,68,327
WZ,Thane,091M,BHIWANDI,47,218
WZ,Thane,091N,VASAI,40,183
WZ,Thane,091P,PANVEL,78,363
WZ,Thane,092A,VASHI,99,463
WZ,Thane,092B,AMBERNATH,30,137
WZ,Thane,092C,KALWA,40,187
WZ,Thane,092D,KALYAN-II,67,335
WZ,Thane,092E,ROHA,39,183
WZ,Thane,092F,ULHASNAGAR-II,69,319
WZ,Thane,092G,NALLASOPARA,59,274
WZ,Thane,092H,THANE(EAST) KOPRI CBO,60,282
WZ,Thane,092J,BOISAR,59,292
WZ,Thane,092K,KHOPOLI,73,331
WZ,Thane,092L,BHAYANDER,40,180
WZ,Vadodara,869,VADODARA CBO-3,29,96
WZ,Vadodara,871,VADODARA CBO-1,40,139
WZ,Vadodara,874,DABHOI,57,203
WZ,Vadodara,875,BHARUCH,30,95
WZ,Vadodara,876,VADODARA CBO-2,39,134
WZ,Vadodara,879,VADODARA CBO-4 (CAB),10,33
WZ,Vadodara,8051,VADODARA CBO 10,39,133
WZ,Vadodara,086B,ANKLESHWAR (T),40,137
WZ,Vadodara,086D,RAJPIPLA,30,101
WZ,Vadodara,086J,ANKLESHWAR (GIDC),50,177
WZ,Vadodara,086T,JAMBUSAR,29,97
WZ,Vadodara,087A,PRATAPNAGAR,70,271
WZ,Vadodara,087B,ALKAPURI CBO,20,72
WZ,Vadodara,087C,FATEHGANJ CBO,40,152
WZ,Vadodara,087D,BODELI,40,154
WZ,Vadodara,087F,MANJALPUR,60,230
WZ,Vadodara,087J,VADODARA CBO-9,90,342
